t_s,node,rss_kb,fds,audit_bytes,state_bytes,blocks_active,blocks_pending,tick_max_s,peers
0,1,28684,32,440,0,0,0,0.000283,9
0,2,28820,32,440,0,0,0,0.000110,9
0,3,28824,32,440,0,0,0,0.000074,9
0,4,28840,32,702,0,0,0,0.000118,9
0,5,28712,32,440,0,0,0,0.000046,9
0,6,28836,32,577,0,0,0,0.000060,9
0,7,29464,32,440,0,0,0,0.000044,9
0,8,29216,32,577,0,0,0,0.000107,9
0,9,29068,32,577,0,0,0,0.000051,9
0,10,29304,32,440,0,0,0,0.000105,9
60,1,29512,32,40159,5137,270,0,0.004867,9
60,2,29712,32,39196,4779,274,0,0.003937,9
60,3,29648,32,38686,4419,270,0,0.000856,9
60,4,29676,32,42623,6580,275,0,0.001093,9
60,5,29744,32,41008,5677,275,0,0.001671,9
60,6,29652,32,39385,4953,275,0,0.001702,9
60,7,30164,32,40472,5314,275,0,0.000348,9
60,8,29800,32,40591,5502,275,0,0.000615,9
60,9,30084,32,39423,4780,275,0,0.004887,9
60,10,29944,32,43945,7341,275,0,0.001622,9
120,1,30152,32,79676,10554,537,0,0.004867,9
120,2,30256,32,76891,9295,537,0,0.003937,9
120,3,30036,32,78000,9658,537,0,0.001388,9
120,4,30320,32,81644,11456,537,0,0.001163,9
120,5,30420,32,79477,10552,537,0,0.001671,9
120,6,30320,32,76350,8925,537,0,0.001702,9
120,7,30556,32,78944,10190,537,0,0.001441,9
120,8,30292,32,83160,12359,537,0,0.001160,9
120,9,30560,32,79520,10375,537,0,0.004887,9
120,10,30272,32,82423,12061,537,0,0.001622,9
180,1,30232,32,117958,15071,805,0,0.004867,9
180,2,30356,32,116372,14349,805,0,0.003937,9
180,3,30276,32,116351,14170,810,0,0.001388,9
180,4,30384,32,121154,16686,806,0,0.002131,9
180,5,30568,32,120279,16511,810,0,0.002061,9
180,6,30412,32,116664,14339,807,0,0.001702,9
180,7,30668,32,116735,14525,810,0,0.002632,9
180,8,30356,32,122000,17413,805,0,0.001810,9
180,9,30608,32,122148,17237,810,0,0.004887,9
180,10,30344,32,123394,18058,810,0,0.002670,9
240,1,30912,32,153680,18681,1069,0,0.004867,9
240,2,31144,32,157305,21032,1069,0,0.003937,9
240,3,31156,32,154407,18861,1069,0,0.001388,9
240,4,31112,32,157662,20659,1069,0,0.002131,9
240,5,31492,32,157961,21023,1069,0,0.003660,9
240,6,31096,32,155100,19215,1069,0,0.002608,9
240,7,31448,32,158283,21024,1069,0,0.004013,9
240,8,31012,32,163034,23732,1069,0,0.002130,9
240,9,31400,32,159134,21211,1069,0,0.004887,9
240,10,31200,32,165620,25141,1069,0,0.003399,9
300,1,30960,32,189962,22476,1318,0,0.004867,9
300,2,31212,32,195743,25904,1318,0,0.003937,9
300,3,31204,32,193408,24460,1322,0,0.001388,9
300,4,31172,32,198232,26669,1322,0,0.002131,9
300,5,31532,32,196146,26079,1322,0,0.003660,9
300,6,31196,32,197153,26130,1322,0,0.002608,9
300,7,31488,32,196312,25721,1322,0,0.004013,9
300,8,31100,32,199969,27935,1318,0,0.002130,9
300,9,31632,32,198697,26680,1322,0,0.004887,9
300,10,31280,32,204911,30770,1322,0,0.003399,9
360,1,30988,32,279996,22824,1319,0,0.004867,9
360,2,31276,32,292378,29348,1314,0,0.005162,9
360,3,31284,32,287962,26764,1314,0,0.001388,9
360,4,31240,32,289430,26467,1314,0,0.003270,9
360,5,31580,32,291186,28331,1314,0,0.003660,9
360,6,31252,32,292769,28727,1314,0,0.002608,9
360,7,31592,32,287042,25709,1314,0,0.004013,9
360,8,31344,32,294311,29773,1314,0,0.002795,9
360,9,31672,32,291181,27774,1314,0,0.004887,9
360,10,31328,32,297489,31081,1314,0,0.003399,9
420,1,31036,32,374751,23810,1307,0,0.004867,9
420,2,31324,32,391902,33737,1307,0,0.005162,9
420,3,31348,32,383472,28786,1307,0,0.001653,9
420,4,31260,32,381512,26583,1307,0,0.003339,9
420,5,31604,32,386672,29808,1309,0,0.003660,9
420,6,31292,32,386498,30028,1307,0,0.002611,9
420,7,31640,32,383385,28272,1309,0,0.004013,9
420,8,31392,32,386433,29111,1307,0,0.002795,9
420,9,31744,32,385251,28870,1308,0,0.004887,9
420,10,31368,32,391935,32511,1307,0,0.003399,9
480,1,32040,32,470331,27068,1314,0,0.004867,9
480,2,32196,32,484194,35164,1314,0,0.005162,9
480,3,31556,32,475163,29341,1310,0,0.002984,9
480,4,32104,32,476611,28970,1310,0,0.003791,9
480,5,31856,32,478594,30175,1310,0,0.003660,9
480,6,32032,32,479233,31020,1310,0,0.002611,9
480,7,32400,32,476884,30169,1310,0,0.004013,9
480,8,32232,32,480877,31878,1314,0,0.002795,9
480,9,31988,32,477962,29314,1310,0,0.004887,9
480,10,32152,32,484053,33100,1310,0,0.003399,9
540,1,32056,32,563753,27907,1311,0,0.004867,9
540,2,32260,32,577759,35241,1311,0,0.005793,9
540,3,32200,32,570035,31573,1316,0,0.003117,9
540,4,32128,32,573765,32440,1316,0,0.003791,9
540,5,32436,32,573203,32171,1316,0,0.003660,9
540,6,32068,32,574892,33300,1316,0,0.003257,9
540,7,32440,32,570772,30922,1316,0,0.004013,9
540,8,32288,32,577009,33405,1311,0,0.002795,9
540,9,32532,32,572736,31390,1316,0,0.004887,9
540,10,32184,32,577841,33634,1316,0,0.003399,9
600,1,32148,32,652873,29705,1327,0,0.004867,9
600,2,32308,32,665914,36266,1327,0,0.005793,9
600,3,32328,32,659596,32619,1322,0,0.003228,9
600,4,32248,33,662912,33284,1322,0,0.003791,9
600,5,32504,33,663788,34229,1322,0,0.003660,9
600,6,32280,33,667188,35613,1322,0,0.003257,9
600,7,32572,33,660618,32433,1322,0,0.004013,9
600,8,31180,32,804315,35749,153,0,0.000023,4
600,9,32672,33,659918,31430,1322,0,0.004887,9
600,10,32644,33,667744,35226,1322,0,0.003399,9
660,1,32928,32,752444,33753,1324,0,0.004867,9
660,2,32836,32,761788,38186,1329,0,0.005793,9
660,3,33040,32,751312,32912,1329,0,0.003228,9
660,4,32960,32,758607,36164,1329,0,0.003791,9
660,5,32900,32,754182,33383,1329,0,0.003660,9
660,6,32676,32,759079,35927,1329,0,0.003257,9
660,7,33080,32,756247,35653,1329,0,0.004013,9
660,8,31344,34,896710,36142,1325,0,0.004090,9
660,9,33436,33,753163,33089,1329,0,0.004887,9
660,10,32872,33,762823,36838,1327,0,0.006525,9
720,1,32956,32,841547,34073,1331,0,0.005671,9
720,2,32848,32,852663,37889,1331,0,0.005793,9
720,3,33048,32,842770,33425,1328,0,0.003228,9
720,4,32988,32,852440,39012,1331,0,0.003791,9
720,5,32904,32,849094,35624,1327,0,0.003660,9
720,6,32692,32,853939,39017,1331,0,0.003470,9
720,7,33100,32,851259,37472,1327,0,0.004013,9
720,8,31416,34,988710,37935,1331,0,0.004408,9
720,9,33492,33,847897,35142,1327,0,0.004887,9
720,10,32896,33,852456,37272,1330,0,0.006525,9
780,1,32960,32,936048,34311,1323,0,0.007116,9
780,2,32848,32,947713,39531,1323,0,0.005793,9
780,3,33064,32,936968,35296,1323,0,0.006106,9
780,4,33000,32,948278,40603,1323,0,0.004818,9
780,5,32908,32,940943,36198,1323,0,0.003660,9
780,6,32700,32,948392,40163,1323,0,0.003628,9
780,7,33140,32,947138,39961,1323,0,0.004013,9
780,8,31776,34,1083341,38671,1319,0,0.009006,9
780,9,33504,33,941034,36286,1323,0,0.004887,9
780,10,32908,33,949139,39955,1323,0,0.006525,9
840,1,32960,32,1029920,37973,1312,0,0.007116,9
840,2,32868,32,1041226,41302,1308,0,0.005793,9
840,3,33124,32,1032513,37631,1307,0,0.006106,9
840,4,33052,32,1040344,41092,1307,0,0.004818,9
840,5,32960,32,1034882,38019,1307,0,0.003660,9
840,6,32748,32,1041548,41465,1307,0,0.003971,9
840,7,33216,32,1039049,40616,1307,0,0.004013,9
840,8,32584,34,1173114,39042,1312,0,0.009006,9
840,9,33516,33,1033215,37381,1307,0,0.004887,9
840,10,32968,33,1040935,40470,1307,0,0.006525,9
900,1,33304,32,1124425,39496,1317,0,0.007116,9
900,2,33276,32,1136160,43864,1317,0,0.005793,9
900,3,33524,32,1126950,39810,1317,0,0.006106,9
900,4,33452,32,1133713,42463,1317,0,0.004818,9
900,5,33320,32,1127440,38893,1317,0,0.003660,9
900,6,33156,32,1138683,44255,1317,0,0.003971,9
900,7,33592,32,1130962,41470,1317,0,0.004013,9
900,8,32604,34,1267619,40123,1313,0,0.009006,9
900,9,33932,33,1128571,40466,1317,0,0.004887,9
900,10,33380,33,1131384,40248,1317,0,0.006525,9
960,1,33376,33,1216703,39252,1315,0,0.007785,9
960,2,33376,33,1226539,42301,1312,0,0.005793,9
960,3,34196,40,1225634,43161,1312,0,0.006106,9
960,4,33632,33,1229572,44152,1312,0,0.004818,9
960,5,33384,33,1223573,41236,1312,0,0.003660,9
960,6,33244,32,1235574,46854,1312,0,0.003971,9
960,7,33720,33,1226498,43103,1312,0,0.004013,9
960,8,33500,35,1361873,42305,1315,0,0.009006,9
960,9,34092,34,1223847,42030,1312,0,0.004887,9
960,10,33436,34,1224251,40498,1312,0,0.006525,9
1020,1,33420,33,1313103,42135,1311,0,0.007785,9
1020,2,33376,33,1320226,43593,1311,0,0.005793,9
1020,3,34208,40,1321762,46079,1311,0,0.006106,9
1020,4,33632,33,1320850,44234,1311,0,0.004818,9
1020,5,33400,33,1316096,41648,1311,0,0.003660,9
1020,6,33252,32,1328968,47942,1311,0,0.004816,9
1020,7,33720,33,1319173,43616,1311,0,0.004013,9
1020,8,33716,35,1458384,44324,1306,0,0.009006,9
1020,9,34096,34,1317530,43296,1311,0,0.004887,9
1020,10,33436,34,1320695,43634,1311,0,0.006525,9
1080,1,33436,33,1412465,45690,1326,0,0.007785,9
1080,2,33380,33,1415297,44525,1326,0,0.005793,9
1080,3,34228,40,1419646,48684,1326,0,0.006106,9
1080,4,33632,33,1416368,45059,1326,0,0.004818,9
1080,5,33404,33,1412721,43860,1326,0,0.003660,9
1080,6,33272,32,1426987,50457,1326,0,0.004816,9
1080,7,33728,33,1415184,44446,1326,0,0.004013,9
1080,8,33788,35,1550812,44614,1329,0,0.009006,9
1080,9,34096,34,1414713,45400,1326,0,0.004887,9
1080,10,33448,34,1414539,43537,1326,0,0.006525,9
1140,1,33456,33,1499052,44829,1337,0,0.007785,9
1140,2,33384,33,1506189,46186,1337,0,0.005793,9
1140,3,34244,40,1508621,48842,1337,0,0.006106,9
1140,4,33632,33,1507510,47120,1337,0,0.004818,9
1140,5,33416,33,1501646,44611,1337,0,0.005654,9
1140,6,33404,32,1517777,52121,1337,0,0.004816,9
1140,7,33732,33,1506743,46758,1337,0,0.004013,9
1140,8,33868,35,1643911,46899,1332,0,0.009006,9
1140,9,34100,34,1507597,48353,1337,0,0.004887,9
1140,10,33452,34,1506478,46090,1337,0,0.006525,9
1200,1,33496,33,1594855,46572,1322,0,0.007785,9
1200,2,33392,33,1603249,48007,1322,0,0.008305,9
1200,3,34440,40,1604351,49978,1322,0,0.006106,9
1200,4,33684,34,1601872,47737,1322,0,0.004818,9
1200,5,33464,34,1596617,46035,1322,0,0.005654,9
1200,6,33516,33,1611903,51828,1322,0,0.005191,9
1200,7,33788,34,1606805,50757,1322,0,0.004013,9
1200,8,33956,36,1736333,48046,1327,0,0.009006,9
1200,9,34124,35,1602903,49257,1322,0,0.004887,9
1200,10,31412,32,1741783,47158,151,0,0.000985,7
1260,1,33504,33,1687832,48445,1321,0,0.007785,9
1260,2,33400,33,1696844,50560,1321,0,0.008305,9
1260,3,34476,39,1695355,50624,1321,0,0.006106,9
1260,4,33684,33,1693489,48639,1321,0,0.004818,9
1260,5,33464,33,1689562,47961,1321,0,0.005654,9
1260,6,33516,32,1703714,52789,1321,0,0.005191,9
1260,7,33788,33,1698988,51971,1321,0,0.004013,9
1260,8,34024,35,1828146,47993,1317,0,0.009006,9
1260,9,34124,34,1697105,51588,1321,0,0.004887,9
1260,10,31588,33,1836042,49788,1319,0,0.003867,9
1320,1,33516,33,1781747,48674,1322,0,0.007785,9
1320,2,33408,33,1795730,53807,1322,0,0.008305,9
1320,3,34488,37,1791757,52539,1327,0,0.006106,9
1320,4,33684,32,1788115,49993,1324,0,0.004818,9
1320,5,33480,32,1784975,49335,1327,0,0.005654,9
1320,6,33516,32,1801344,55354,1324,0,0.005223,9
1320,7,33808,33,1795785,54127,1327,0,0.004013,9
1320,8,34028,35,1917867,47396,1327,0,0.009798,9
1320,9,34132,34,1792014,52757,1327,0,0.004887,9
1320,10,31616,33,1930414,51475,1327,0,0.003867,9
1380,1,33528,32,1878164,50512,1309,0,0.007785,9
1380,2,33408,33,1888947,54537,1309,0,0.008305,9
1380,3,34488,34,1886254,53307,1309,0,0.006106,9
1380,4,33708,32,1885043,52454,1309,0,0.004818,9
1380,5,33492,32,1879613,50349,1308,0,0.005654,9
1380,6,33516,32,1896261,56367,1309,0,0.005223,9
1380,7,33832,32,1890287,54875,1307,0,0.004013,9
1380,8,34040,35,2016395,50639,1309,0,0.009798,9
1380,9,34136,33,1888276,54471,1308,0,0.004887,9
1380,10,31656,33,2026959,52882,1305,0,0.003867,9
1440,1,33528,32,1971728,52260,1306,0,0.007785,9
1440,2,33408,33,1979938,54120,1306,0,0.008305,9
1440,3,34488,34,1980240,54991,1306,0,0.006106,9
1440,4,33708,32,1979585,54036,1306,0,0.004818,9
1440,5,33504,32,1973973,52358,1306,0,0.005654,9
1440,6,33516,32,1989463,57532,1306,0,0.005223,9
1440,7,33840,32,1984571,56767,1306,0,0.004013,9
1440,8,34412,35,2108631,50995,1306,0,0.009798,9
1440,9,34144,33,1985118,57397,1306,0,0.004887,9
1440,10,32400,33,2120857,54697,1306,0,0.003867,9
1500,1,33528,32,2066692,54645,1316,0,0.007785,9
1500,2,33408,32,2073217,55439,1316,0,0.008305,9
1500,3,34488,33,2072221,55789,1320,0,0.006106,9
1500,4,33708,32,2075023,57127,1316,0,0.005018,9
1500,5,33512,32,2068375,54694,1320,0,0.005654,9
1500,6,33524,32,2084408,59967,1316,0,0.005223,9
1500,7,33856,32,2074422,55897,1320,0,0.004013,9
1500,8,34424,35,2202708,53364,1316,0,0.009798,9
1500,9,34156,33,2080185,60101,1320,0,0.004887,9
1500,10,32472,33,2211147,54494,1315,0,0.004910,9
1560,1,33528,32,2157232,55035,1313,0,0.007785,9
1560,2,33412,32,2165808,57362,1313,0,0.008305,9
1560,3,34488,33,2162726,56123,1313,0,0.006106,9
1560,4,33708,32,2166870,58378,1313,0,0.005551,9
1560,5,33512,32,2161334,56583,1313,0,0.005654,9
1560,6,33536,32,2177032,61440,1313,0,0.005249,9
1560,7,33868,32,2165050,56476,1313,0,0.004013,9
1560,8,34452,35,2296184,56484,1318,0,0.009798,9
1560,9,34160,33,2173066,61782,1313,0,0.006175,9
1560,10,33264,33,2300813,54984,1313,0,0.006493,9
1620,1,33528,32,2254475,57762,1312,0,0.007785,9
1620,2,33420,32,2260222,58342,1315,0,0.008305,9
1620,3,34496,32,2255100,55731,1310,0,0.006106,9
1620,4,33708,32,2262663,60329,1310,0,0.005551,9
1620,5,33516,32,2258090,58998,1310,0,0.005654,9
1620,6,33560,32,2272661,62675,1310,0,0.005249,9
1620,7,33896,32,2258626,56656,1310,0,0.004013,9
1620,8,34544,34,2395006,59640,1310,0,0.009798,9
1620,9,34160,33,2267465,62844,1310,0,0.006175,9
1620,10,33492,33,2396854,56482,1310,0,0.006493,9
1680,1,33528,32,2348948,59965,1313,0,0.007785,9
1680,2,33424,32,2353875,60246,1313,0,0.008305,9
1680,3,34496,32,2347478,57338,1313,0,0.006106,9
1680,4,33712,32,2354918,61468,1313,0,0.009437,9
1680,5,33532,32,2349789,60503,1313,0,0.005654,9
1680,6,33568,32,2362761,62748,1313,0,0.009459,9
1680,7,33908,32,2349531,57567,1313,0,0.004013,9
1680,8,34584,34,2485474,60059,1313,0,0.009798,9
1680,9,34172,33,2361835,65145,1313,0,0.006175,9
1680,10,33544,33,2489803,58490,1313,0,0.006493,9
1740,1,34316,32,2444511,62643,1308,0,0.007785,9
1740,2,34196,32,2446681,62169,1308,0,0.008305,9
1740,3,34500,32,2437984,57678,1308,0,0.006106,9
1740,4,33792,32,2447597,62501,1308,0,0.009437,9
1740,5,34336,32,2442704,61793,1308,0,0.005654,9
1740,6,34388,32,2458168,65627,1308,0,0.009459,9
1740,7,34516,32,2443125,59009,1308,0,0.004013,9
1740,8,34596,34,2579291,62429,1308,0,0.009798,9
1740,9,34756,33,2451450,64024,1308,0,0.006175,9
1740,10,33552,33,2583570,60181,1308,0,0.006493,9
1800,1,34316,32,2541717,64929,1302,0,0.007785,9
1800,2,11412,11,2543238,64656,,,,
1800,3,35240,32,2530717,57737,1298,0,0.006106,9
1800,4,33792,32,2539546,62108,1302,0,0.009437,9
1800,5,34344,33,2536559,62021,1300,0,0.005654,9
1800,6,34504,32,2557400,69051,1302,0,0.009459,9
1800,7,34568,33,2537840,60237,1302,0,0.004013,9
1800,8,34708,35,2672518,62913,1302,0,0.009798,9
1800,9,34888,34,2545468,64353,1300,0,0.006175,9
1800,10,33604,34,2681507,63813,1303,0,0.006493,9
1860,1,34380,33,2633697,66646,1307,0,0.007785,9
1860,2,31916,40,2763197,65091,1307,0,0.003670,9
1860,3,35348,34,2627967,63042,1307,0,0.006106,9
1860,4,33956,34,2631440,63666,1307,0,0.009437,9
1860,5,34416,34,2627922,63293,1307,0,0.005654,9
1860,6,34640,40,2648478,69801,1307,0,0.009459,9
1860,7,34596,33,2630196,62727,1307,0,0.004013,9
1860,8,34764,36,2763224,62468,1302,0,0.009798,9
1860,9,35028,35,2636303,65318,1307,0,0.006175,9
1860,10,33808,35,2772297,65447,1307,0,0.006493,9
1920,1,34380,33,2729667,67605,1311,0,0.007785,9
1920,2,31984,40,2858468,66359,1314,0,0.004927,9
1920,3,35460,34,2723914,65116,1314,0,0.006106,9
1920,4,33956,34,2727549,65637,1314,0,0.009437,9
1920,5,34532,34,2723927,64931,1314,0,0.005654,9
1920,6,34640,40,2742603,70350,1314,0,0.009459,9
1920,7,34604,33,2726672,65041,1314,0,0.004013,9
1920,8,34796,36,2856192,63267,1314,0,0.009798,9
1920,9,35028,35,2732620,67375,1314,0,0.006175,9
1920,10,33848,35,2868564,67079,1314,0,0.006493,9
1980,1,34380,33,2822396,68087,1311,0,0.007785,9
1980,2,32064,40,2950016,67192,1315,0,0.005737,9
1980,3,35480,34,2820818,67921,1311,0,0.007178,9
1980,4,33956,34,2821874,67172,1311,0,0.009437,9
1980,5,34532,34,2818606,66849,1311,0,0.005654,9
1980,6,34640,40,2837629,72612,1311,0,0.009459,9
1980,7,34612,33,2819155,66033,1311,0,0.004013,9
1980,8,34800,36,2948872,64097,1311,0,0.009798,9
1980,9,35028,35,2829347,69887,1311,0,0.006175,9
1980,10,33876,35,2962640,68426,1316,0,0.006493,9
2040,1,34380,33,2911214,67719,1324,0,0.007785,9
2040,2,32788,40,3042954,69196,1324,0,0.005737,9
2040,3,35480,34,2913083,70078,1324,0,0.007178,9
2040,4,33956,34,2914068,68779,1324,0,0.009437,9
2040,5,34536,34,2909318,67916,1324,0,0.005654,9
2040,6,34640,40,2928450,72938,1324,0,0.009459,9
2040,7,34628,33,2912636,68353,1324,0,0.006734,9
2040,8,34816,36,3040261,65933,1328,0,0.009798,9
2040,9,35036,35,2923804,73105,1324,0,0.006175,9
2040,10,34280,35,3053281,68961,1324,0,0.006493,9
2100,1,34380,33,3005467,69055,1324,0,0.007785,9
2100,2,32844,40,3133352,68486,1324,0,0.005737,9
2100,3,35480,34,3009923,74132,1325,0,0.007178,9
2100,4,33960,34,3007747,71582,1328,0,0.009437,9
2100,5,34536,34,3003026,69743,1324,0,0.005654,9
2100,6,34640,40,3017856,71909,1328,0,0.009459,9
2100,7,34632,33,3007300,70791,1324,0,0.006734,9
2100,8,34820,36,3134662,67624,1324,0,0.009798,9
2100,9,35044,35,3015206,73753,1324,0,0.006175,9
2100,10,34344,35,3148358,71356,1324,0,0.006493,9
2160,1,34380,33,3095868,70020,1313,0,0.007785,9
2160,2,33316,40,3225620,70081,1313,0,0.005737,9
2160,3,35488,34,3101120,74246,1313,0,0.007178,9
2160,4,33960,34,3096545,71013,1313,0,0.009437,9
2160,5,34536,34,3093906,70729,1313,0,0.005654,9
2160,6,34640,40,3110336,73181,1313,0,0.009459,9
2160,7,34632,33,3101652,73333,1313,0,0.006734,9
2160,8,34832,36,3227903,70878,1317,0,0.009798,9
2160,9,35044,35,3106903,75048,1313,0,0.006175,9
2160,10,34400,35,3242167,73703,1313,0,0.006493,9
2220,1,34380,33,3190474,70591,1307,0,0.007785,9
2220,2,33896,40,3322794,71969,1307,0,0.005737,9
2220,3,35488,34,3197717,75860,1307,0,0.007178,9
2220,4,33964,34,3195873,73862,1307,0,0.009437,9
2220,5,34536,34,3188549,70901,1307,0,0.005654,9
2220,6,34640,40,3202950,72686,1307,0,0.009459,9
2220,7,34632,33,3196428,73952,1307,0,0.006734,9
2220,8,34848,36,3331583,75707,1307,0,0.009798,9
2220,9,35044,35,3205171,77483,1307,0,0.006175,9
2220,10,34404,35,3336438,74059,1307,0,0.006493,9
2280,1,34380,33,3278255,69943,1306,0,0.007785,9
2280,2,33924,40,3418077,75001,1301,0,0.005884,9
2280,3,35488,34,3285800,74970,1306,0,0.007178,9
2280,4,33964,34,3288001,75832,1306,0,0.009437,9
2280,5,34536,34,3281725,72798,1303,0,0.005654,9
2280,6,34640,40,3297271,75390,1306,0,0.009459,9
2280,7,34632,33,3288708,75618,1301,0,0.006734,9
2280,8,35028,36,3424051,77843,1306,0,0.009798,9
2280,9,35044,35,3295129,77296,1304,0,0.006175,9
2280,10,34404,35,3431707,76763,1301,0,0.006493,9
2340,1,34380,32,3375030,72831,1294,0,0.007785,9
2340,2,33980,40,3510295,75571,1294,0,0.005884,9
2340,3,35488,34,3382547,77311,1294,0,0.007178,9
2340,4,33964,33,3384766,78145,1294,0,0.009437,9
2340,5,34536,33,3377301,75032,1294,0,0.005654,9
2340,6,34640,36,3388748,74826,1294,0,0.009459,9
2340,7,34632,33,3384203,77397,1294,0,0.006734,9
2340,8,35040,36,3518745,78516,1289,0,0.009798,9
2340,9,35044,34,3390336,78716,1294,0,0.006175,9
2340,10,34436,35,3525847,78318,1294,0,0.006493,9
2400,1,34380,32,3470920,76015,1299,0,0.007785,9
2400,2,34028,40,3604301,77779,1294,0,0.005990,9
2400,3,35488,34,3474978,77879,1294,0,0.007178,9
2400,4,34452,11,3479636,80149,,0,0.000022,0
2400,5,34536,34,3471429,76822,1294,0,0.005654,9
2400,6,34644,37,3479027,74696,1294,0,0.009459,9
2400,7,34668,34,3476549,78395,1294,0,0.006734,9
2400,8,35124,37,3610759,80487,1299,0,0.009798,9
2400,9,35068,35,3484602,81157,1294,0,0.006175,9
2400,10,34588,36,3615647,77492,1294,0,0.006493,9
2460,1,34436,32,3561942,77056,1309,0,0.007785,9
2460,2,34260,40,3693402,78198,1309,0,0.005990,9
2460,3,35552,34,3568064,80279,1309,0,0.007178,9
2460,4,31952,39,3709154,83737,1305,0,0.004611,9
2460,5,34548,34,3562216,78195,1309,0,0.005654,9
2460,6,34656,37,3574184,78691,1309,0,0.009459,9
2460,7,34680,34,3565718,78285,1309,0,0.006734,9
2460,8,35128,37,3702546,80714,1305,0,0.009798,9
2460,9,35088,35,3576779,83132,1309,0,0.006175,9
2460,10,34656,36,3705976,78078,1309,0,0.006493,9
2520,1,34436,32,3657422,79186,1304,0,0.007785,9
2520,2,34272,40,3787626,79473,1304,0,0.006290,9
2520,3,35552,34,3662547,81937,1304,0,0.007178,9
2520,4,32000,39,3800954,84227,1309,0,0.005852,9
2520,5,34588,34,3656603,79962,1304,0,0.005654,9
2520,6,34680,37,3668230,80787,1304,0,0.009459,9
2520,7,34680,34,3660791,80105,1304,0,0.006734,9
2520,8,35144,37,3794206,80827,1309,0,0.009798,9
2520,9,35088,35,3670767,84009,1304,0,0.006175,9
2520,10,34664,36,3800022,79530,1308,0,0.006493,9
2580,1,34436,32,3751126,82284,1315,0,0.007785,9
2580,2,34640,40,3878167,79575,1315,0,0.006290,9
2580,3,35552,34,3756491,84641,1315,0,0.007178,9
2580,4,32052,39,3896085,85684,1310,0,0.006938,9
2580,5,34588,34,3748898,81234,1315,0,0.005654,9
2580,6,34724,37,3758790,81110,1315,0,0.009459,9
2580,7,34680,34,3755435,83015,1315,0,0.006734,9
2580,8,35148,37,3888221,81679,1310,0,0.009798,9
2580,9,35088,35,3765339,86838,1315,0,0.008151,9
2580,10,34668,36,3887644,78212,1315,0,0.006493,9
2640,1,34436,32,3845778,83728,1320,0,0.007785,9
2640,2,34644,40,3974737,82977,1324,0,0.006290,9
2640,3,35552,34,3847147,83834,1323,0,0.007178,9
2640,4,32764,39,3989125,87228,1324,0,0.006938,9
2640,5,34612,34,3842640,82271,1324,0,0.005654,9
2640,6,34744,37,3855907,84388,1320,0,0.009459,9
2640,7,34680,34,3849839,84074,1324,0,0.006734,9
2640,8,35156,37,3981292,83864,1324,0,0.009798,9
2640,9,35088,35,3856984,86396,1324,0,0.008151,9
2640,10,34700,36,3983787,80606,1324,0,0.006493,9
2700,1,34436,32,3931228,80556,1321,0,0.007785,9
2700,2,34648,40,4068726,85142,1321,0,0.006290,9
2700,3,35552,34,3941221,86350,1321,0,0.007178,9
2700,4,32800,39,4082863,88222,1317,0,0.006938,9
2700,5,34612,34,3938243,85437,1321,0,0.005654,9
2700,6,34744,37,3948288,86887,1321,0,0.009459,9
2700,7,34692,34,3942635,85990,1321,0,0.006734,9
2700,8,35176,37,4069639,82542,1321,0,0.009798,9
2700,9,35088,35,3948976,87879,1321,0,0.008151,9
2700,10,34704,36,4080775,85042,1321,0,0.006493,9
2760,1,34436,32,4030232,84274,1321,0,0.007785,9
2760,2,34752,42,4163203,86751,1326,0,0.006290,9
2760,3,35564,35,4035139,86792,1326,0,0.007178,9
2760,4,33552,41,4178074,90044,1326,0,0.006938,9
2760,5,34712,35,4034061,87541,1326,0,0.005654,9
2760,6,34960,46,4042842,87117,1326,0,0.009459,9
2760,7,34724,35,4035248,86404,1326,0,0.006734,9
2760,8,35276,37,4170810,87443,1326,0,0.009798,9
2760,9,35160,36,4041754,87823,1326,0,0.008151,9
2760,10,34764,37,4173980,85684,1326,0,0.006493,9
2820,1,34436,32,4122746,85210,1334,0,0.007785,9
2820,2,34772,42,4256165,87548,1334,0,0.006290,9
2820,3,35564,35,4130110,88682,1334,0,0.007178,9
2820,4,33800,41,4275643,93205,1334,0,0.006938,9
2820,5,34712,35,4128589,89108,1334,0,0.005654,9
2820,6,34960,45,4134663,87742,1334,0,0.009459,9
2820,7,34724,35,4129682,88194,1334,0,0.006734,9
2820,8,35276,37,4265994,89307,1334,0,0.009798,9
2820,9,35164,36,4135421,88987,1334,0,0.008151,9
2820,10,34772,37,4268231,86695,1329,0,0.006493,9
2880,1,34436,32,4220538,88198,1336,0,0.007785,9
2880,2,34772,42,4350782,89181,1336,0,0.006290,9
2880,3,35564,34,4223021,89124,1336,0,0.007446,9
2880,4,33808,41,4371682,95142,1336,0,0.009201,9
2880,5,34712,35,4220537,89005,1336,0,0.005654,9
2880,6,34960,45,4228392,88757,1336,0,0.009459,9
2880,7,34724,35,4225807,89932,1336,0,0.006734,9
2880,8,35280,37,4360305,90503,1336,0,0.009798,9
2880,9,35176,36,4230462,90222,1336,0,0.008151,9
2880,10,35560,37,4364740,90484,1336,0,0.006493,9
2940,1,34440,32,4316384,90330,1334,0,0.007785,9
2940,2,34776,42,4447284,91020,1330,0,0.006290,9
2940,3,35564,34,4318915,91776,1330,0,0.007446,9
2940,4,33824,41,4463631,95009,1334,0,0.009201,9
2940,5,34712,35,4314836,89886,1330,0,0.005654,9
2940,6,34960,44,4321128,88708,1330,0,0.009459,9
2940,7,34728,35,4324723,93413,1330,0,0.006734,9
2940,8,35280,37,4455983,92757,1334,0,0.009798,9
2940,9,35176,36,4323966,91342,1330,0,0.008151,9
2940,10,35560,36,4457145,90161,1335,0,0.006493,9
3000,1,34440,32,4412862,94391,1339,0,0.007785,9
3000,2,34776,42,4538442,91197,1339,0,0.006290,9
3000,3,35564,34,4414528,94230,1339,0,0.007446,9
3000,4,33848,41,4558137,96549,1339,0,0.009201,9
3000,5,34720,36,4408048,90966,1339,0,0.005654,9
3000,6,31408,32,4559140,91308,130,0,0.000024,7
3000,7,34764,36,4414745,93049,1339,0,0.006734,9
3000,8,35348,38,4551249,95207,1334,0,0.009798,9
3000,9,35212,37,4416466,92460,1339,0,0.008151,9
3000,10,35576,37,4549434,90515,1339,0,0.006493,9
3060,1,34440,32,4509342,95727,1329,0,0.007785,9
3060,2,34784,40,4634822,93020,1329,0,0.006290,9
3060,3,35640,33,4512068,96253,1324,0,0.008190,9
3060,4,33956,39,4654569,98585,1329,0,0.009201,9
3060,5,34720,34,4502461,91145,1324,0,0.005654,9
3060,6,31888,38,4650101,91205,1329,0,0.004639,9
3060,7,34784,35,4511878,95396,1324,0,0.006734,9
3060,8,35352,37,4642402,93828,1329,0,0.009798,9
3060,9,35212,36,4511827,93636,1324,0,0.008151,9
3060,10,35612,36,4651233,95531,1329,0,0.006493,9
3120,1,34440,32,4603790,97419,1313,0,0.007785,9
3120,2,34788,40,4729103,95212,1313,0,0.006599,9
3120,3,35640,33,4603471,96614,1313,0,0.008190,9
3120,4,33960,39,4749092,98808,1308,0,0.009201,9
3120,5,34720,34,4598556,94145,1313,0,0.005654,9
3120,6,31984,38,4747685,95134,1313,0,0.005016,9
3120,7,34788,35,4603565,95840,1313,0,0.006734,9
3120,8,35352,37,4734243,93018,1308,0,0.009798,9
3120,9,35212,36,4606506,96105,1313,0,0.008151,9
3120,10,35628,36,4743308,96626,1313,0,0.006493,9
3180,1,34440,32,4698114,96985,1312,0,0.007785,9
3180,2,34792,40,4824981,96960,1317,0,0.007719,9
3180,3,35640,33,4698905,97890,1312,0,0.008436,9
3180,4,34360,39,4842006,99349,1317,0,0.009201,9
3180,5,34720,34,4697378,97447,1312,0,0.005654,9
3180,6,32032,38,4848969,99689,1312,0,0.007199,9
3180,7,34800,35,4699860,96714,1312,0,0.006734,9
3180,8,35352,37,4828879,94888,1317,0,0.009798,9
3180,9,35224,36,4701945,96650,1312,0,0.008151,9
3180,10,35628,36,4838905,97399,1316,0,0.006493,9
3240,1,34440,32,4789369,97443,1315,0,0.007785,9
3240,2,34804,40,4918636,97705,1315,0,0.007719,9
3240,3,35640,33,4790210,98594,1315,0,0.008436,9
3240,4,34392,39,4939993,102709,1310,0,0.009201,9
3240,5,34720,34,4789971,99035,1315,0,0.006270,9
3240,6,32764,38,4940284,100810,1315,0,0.007199,9
3240,7,34812,35,4791078,96887,1315,0,0.006734,9
3240,8,35352,37,4924158,95899,1310,0,0.009798,9
3240,9,35236,36,4798527,100676,1315,0,0.008151,9
3240,10,35632,36,4933477,99614,1310,0,0.006493,9
3300,1,34440,32,4883728,97936,1307,0,0.008106,9
3300,2,35592,40,5015106,100383,1312,0,0.007719,9
3300,3,35640,33,4884204,98542,1307,0,0.008436,9
3300,4,34420,39,5032812,103871,1312,0,0.009201,9
3300,5,34720,34,4886373,100452,1307,0,0.006270,9
3300,6,32840,38,5038326,103041,1307,0,0.007199,9
3300,7,34820,35,4890518,100679,1307,0,0.006734,9
3300,8,35352,37,5015010,96086,1312,0,0.009798,9
3300,9,35236,36,4893106,101508,1307,0,0.008151,9
3300,10,35632,36,5029067,101372,1312,0,0.008557,9
3360,1,34440,32,4976174,99673,1320,0,0.008106,9
3360,2,35600,40,5109735,102488,1315,0,0.007719,9
3360,3,35640,33,4972118,97947,1320,0,0.008436,9
3360,4,34432,39,5126403,105113,1315,0,0.009201,9
3360,5,34720,34,4978225,102664,1320,0,0.006270,9
3360,6,33528,38,5131014,105932,1320,0,0.007199,9
3360,7,34820,35,4979865,101198,1320,0,0.006734,9
3360,8,35356,37,5110198,98937,1315,0,0.009798,9
3360,9,36472,36,4984685,103719,1320,0,0.008151,9
3360,10,35632,36,5118934,100769,1315,0,0.008557,9
3420,1,34440,32,5067755,99830,1318,0,0.008106,9
3420,2,35616,40,5202018,104068,1323,0,0.007719,9
3420,3,35640,33,5064410,99457,1323,0,0.008436,9
3420,4,34440,39,5216896,105924,1323,0,0.009201,9
3420,5,36320,34,5070096,103103,1323,0,0.006270,9
3420,6,33784,38,5225838,107453,1318,0,0.007199,9
3420,7,36368,35,5076331,104957,1323,0,0.006734,9
3420,8,35356,37,5202451,101409,1323,0,0.009798,9
3420,9,36472,36,5077386,104234,1323,0,0.008151,9
3420,10,35632,36,5210824,102408,1323,0,0.008557,9
3480,1,35976,32,5163830,103472,1314,0,0.008106,9
3480,2,35616,40,5298692,106816,1309,0,0.007719,9
3480,3,37216,33,5158302,101276,1314,0,0.008436,9
3480,4,34460,39,5313153,108168,1313,0,0.009201,9
3480,5,36320,34,5160623,102653,1314,0,0.006270,9
3480,6,33820,38,5315648,106812,1314,0,0.009619,9
3480,7,36368,35,5171300,107029,1314,0,0.006734,9
3480,8,35356,37,5293896,101882,1314,0,0.009798,9
3480,9,36472,36,5168947,105225,1314,0,0.008151,9
3480,10,35644,36,5306482,104194,1309,0,0.008557,9
3540,1,35996,32,5262191,105941,1313,0,0.008106,9
3540,2,35624,40,5392541,107801,1318,0,0.007719,9
3540,3,37216,33,5254827,103776,1318,0,0.008436,9
3540,4,34460,39,5405591,108135,1318,0,0.009201,9
3540,5,36320,34,5258998,105794,1318,0,0.006270,9
3540,6,33876,38,5414279,109437,1313,0,0.009619,9
3540,7,36368,35,5265550,107963,1318,0,0.006734,9
3540,8,35360,37,5389078,102966,1318,0,0.009798,9
3540,9,36472,36,5261848,104907,1318,0,0.008151,9
3540,10,35644,36,5400505,105623,1318,0,0.008557,9
3600,1,36000,32,5355002,108796,1306,0,0.008106,9
3600,2,35644,40,5483000,107976,1302,0,0.007719,9
3600,3,37216,33,5346992,105516,1306,0,0.008436,9
3600,4,34476,39,5500221,110840,1304,0,0.009201,9
3600,5,36320,34,5349805,106704,1306,0,0.006270,9
3600,6,33972,39,5501776,109043,1306,0,0.009619,9
3600,7,36412,36,5355338,108105,1306,0,0.006734,9
3600,8,31424,32,5607642,107568,151,0,0.000031,0
3600,9,36476,37,5351985,105762,1306,0,0.008151,9
3600,10,35644,37,5492335,106528,1302,0,0.008557,9
3660,1,36292,40,5451538,108945,1308,0,0.008106,9
3660,2,35760,41,5575829,108284,1313,0,0.008252,9
3660,3,37260,34,5444091,108117,1313,0,0.008436,9
3660,4,34608,40,5598550,113747,1313,0,0.009954,9
3660,5,36364,35,5446457,108548,1313,0,0.006270,9
3660,6,34168,39,5600948,111400,1308,0,0.009619,9
3660,7,36412,36,5450899,109691,1313,0,0.006734,9
3660,8,31812,37,5712626,108533,1313,0,0.005501,9
3660,9,36536,37,5450976,108279,1312,0,0.008151,9
3660,10,35696,37,5583989,106262,1313,0,0.010486,9
3720,1,36292,40,5545857,112869,1317,0,0.008106,9
3720,2,35784,41,5668791,109498,1312,0,0.008252,9
3720,3,37260,34,5535917,108946,1312,0,0.008436,9
3720,4,34616,40,5691375,115252,1312,0,0.009954,9
3720,5,36364,35,5538220,109118,1312,0,0.006270,9
3720,6,34168,39,5689789,111404,1317,0,0.009619,9
3720,7,36532,36,5545373,111268,1312,0,0.006734,9
3720,8,31852,37,5808450,111782,1315,0,0.005501,9
3720,9,36536,37,5543279,109838,1312,0,0.008151,9
3720,10,35700,37,5675589,107088,1312,0,0.010486,9
3780,1,36540,40,5640119,113584,1327,0,0.008106,9
3780,2,35860,41,5762732,110610,1327,0,0.008252,9
3780,3,37452,34,5626947,109107,1327,0,0.008436,9
3780,4,34652,40,5785784,116643,1323,0,0.009954,9
3780,5,36560,35,5636930,113875,1327,0,0.006270,9
3780,6,34596,39,5783731,111975,1323,0,0.009619,9
3780,7,36532,36,5640516,113135,1327,0,0.006734,9
3780,8,31980,37,5900909,112538,1323,0,0.006966,9
3780,9,36544,37,5636988,111739,1327,0,0.008151,9
3780,10,35700,37,5769591,108806,1327,0,0.010486,9
3840,1,36556,40,5732848,114179,1318,0,0.008106,9
3840,2,35868,41,5856015,111445,1313,0,0.008252,9
3840,3,37452,34,5721763,110492,1313,0,0.008436,9
3840,4,34692,40,5878158,117736,1318,0,0.009954,9
3840,5,36560,35,5732243,115171,1313,0,0.006270,9
3840,6,34616,39,5877266,113681,1318,0,0.009619,9
3840,7,36544,36,5736138,115006,1313,0,0.006734,9
3840,8,32728,37,5990988,112565,1318,0,0.008867,9
3840,9,36544,37,5733542,114390,1313,0,0.008151,9
3840,10,35704,37,5866539,111511,1313,0,0.010486,9
3900,1,36596,40,5825323,115140,1328,0,0.008106,9
3900,2,35868,41,5946310,112852,1333,0,0.008252,9
3900,3,37452,34,5812363,111606,1333,0,0.008436,9
3900,4,35416,40,5971320,118981,1330,0,0.009954,9
3900,5,36560,35,5825451,117871,1333,0,0.006270,9
3900,6,34664,39,5972149,116456,1328,0,0.009619,9
3900,7,36544,36,5827212,116706,1333,0,0.006734,9
3900,8,32796,37,6080743,111469,1328,0,0.008867,9
3900,9,36544,37,5825472,116788,1333,0,0.008151,9
3900,10,35704,37,5958537,113663,1333,0,0.010486,9
3960,1,36640,40,5919219,116468,1325,0,0.008106,9
3960,2,35884,41,6045019,115895,1321,0,0.008465,9
3960,3,37452,34,5907257,112126,1321,0,0.008436,9
3960,4,35444,40,6065561,119647,1325,0,0.009954,9
3960,5,36560,35,5921216,118727,1321,0,0.006270,9
3960,6,34744,39,6064132,116506,1325,0,0.009619,9
3960,7,36592,36,5922532,117850,1321,0,0.006734,9
3960,8,33808,37,6175832,113299,1325,0,0.008867,9
3960,9,36544,37,5921520,117797,1321,0,0.008151,9
3960,10,35708,37,6058371,117685,1321,0,0.010486,9
4020,1,36640,39,6013205,116906,1320,0,0.008106,9
4020,2,35884,41,6137824,117009,1323,0,0.008465,9
4020,3,37452,34,6000452,113897,1323,0,0.008436,9
4020,4,35488,40,6162552,122529,1323,0,0.009954,9
4020,5,36560,35,6012438,119226,1323,0,0.006270,9
4020,6,34744,39,6160116,118869,1320,0,0.009619,9
4020,7,36592,36,6015157,118419,1323,0,0.006734,9
4020,8,34032,37,6268970,113236,1320,0,0.008867,9
4020,9,36544,36,6013775,118853,1325,0,0.008151,9
4020,10,35712,37,6155108,121472,1323,0,0.010486,9
4080,1,36640,39,6109906,119393,1311,0,0.008106,9
4080,2,35884,41,6234718,119182,1311,0,0.008465,9
4080,3,37452,34,6099318,117688,1311,0,0.008436,9
4080,4,35496,40,6255963,122605,1311,0,0.009954,9
4080,5,36568,35,6104627,118095,1311,0,0.006270,9
4080,6,34768,39,6254784,120772,1311,0,0.009619,9
4080,7,36592,36,6108336,118339,1311,0,0.006734,9
4080,8,34052,37,6365335,116255,1311,0,0.008867,9
4080,9,36544,36,6106583,118962,1311,0,0.008151,9
4080,10,35712,37,6251219,123054,1311,0,0.010486,9
4140,1,36652,36,6201045,119006,1320,0,0.008106,9
4140,2,35888,40,6328035,121127,1325,0,0.008465,9
4140,3,37452,34,6194868,119766,1320,0,0.008436,9
4140,4,35496,40,6350666,124368,1320,0,0.009954,9
4140,5,36568,34,6196756,118195,1320,0,0.006270,9
4140,6,34776,39,6350678,122948,1320,0,0.009619,9
4140,7,36592,36,6202892,119865,1320,0,0.006734,9
4140,8,34052,37,6459960,118237,1320,0,0.008867,9
4140,9,36544,36,6205378,122513,1320,0,0.008151,9
4140,10,35716,36,6343893,123425,1325,0,0.010486,9
4200,1,36652,36,6295315,120615,1322,0,0.008106,9
4200,2,5524,12,6425576,124217,,,,
4200,3,37452,34,6288573,121323,1322,0,0.008436,9
4200,4,35504,40,6443163,124900,1322,0,0.009954,9
4200,5,36568,34,6288833,118296,1322,0,0.006270,9
4200,6,34828,40,6443846,123906,1326,0,0.009619,8
4200,7,36592,37,6296538,121241,1322,0,0.006734,9
4200,8,34076,38,6553911,120262,1322,0,0.008867,9
4200,9,36604,37,6300494,124722,1322,0,0.008151,9
4200,10,35720,37,6436272,123908,1322,0,0.010486,9
4260,1,36660,36,6389864,122664,1319,0,0.008106,9
4260,2,32072,40,6657136,125402,1319,0,0.004683,9
4260,3,37452,34,6382192,123224,1319,0,0.008436,9
4260,4,35616,40,6534339,124485,1319,0,0.009954,9
4260,5,36576,34,6381702,119486,1319,0,0.006270,9
4260,6,34932,39,6538186,126035,1319,0,0.009619,9
4260,7,36636,36,6393259,124877,1319,0,0.006734,9
4260,8,34104,37,6648952,122396,1319,0,0.008867,9
4260,9,36612,36,6392257,124976,1319,0,0.008151,9
4260,10,35720,36,6527797,124050,1319,0,0.010486,9
4320,1,36660,36,6485357,124680,1329,0,0.008106,9
4320,2,32120,40,6752571,127505,1329,0,0.005124,9
4320,3,37452,34,6478161,124782,1329,0,0.008436,9
4320,4,35632,40,6626498,124683,1329,0,0.009954,9
4320,5,36576,34,6479052,122192,1329,0,0.006270,9
4320,6,34932,39,6636560,129246,1329,0,0.009619,9
4320,7,36636,36,6488187,125676,1329,0,0.006734,9
4320,8,34116,37,6743190,123594,1329,0,0.008867,9
4320,9,36612,36,6486049,125578,1329,0,0.008151,9
4320,10,35720,36,6620943,124159,1329,0,0.010486,9
4380,1,36664,36,6576140,124880,1324,0,0.008106,9
4380,2,32180,40,6845000,128746,1324,0,0.005989,9
4380,3,37464,34,6569903,126075,1324,0,0.008436,9
4380,4,35660,40,6717183,125630,1324,0,0.009954,9
4380,5,36576,34,6574126,126090,1324,0,0.006270,9
4380,6,34932,39,6725767,129351,1324,0,0.009619,9
4380,7,36636,36,6580340,127937,1324,0,0.006734,9
4380,8,34456,37,6832425,123542,1329,0,0.008867,9
4380,9,36612,36,6580643,129138,1324,0,0.008151,9
4380,10,35720,36,6712903,125375,1324,0,0.010486,9
4440,1,36672,36,6674236,128698,1313,0,0.008106,9
4440,2,32792,40,6940802,130547,1313,0,0.005989,9
4440,3,37464,34,6664899,127213,1318,0,0.008436,9
4440,4,35660,40,6813751,128098,1313,0,0.009954,9
4440,5,36576,34,6672279,129541,1318,0,0.007871,9
4440,6,34936,39,6818854,129145,1313,0,0.009619,9
4440,7,36636,36,6678196,130920,1318,0,0.006734,9
4440,8,34488,37,6926185,124318,1313,0,0.008867,9
4440,9,36616,36,6672248,127745,1318,0,0.008151,9
4440,10,36972,36,6807268,125714,1313,0,0.010486,9
4500,1,36672,36,6767901,129807,1313,0,0.010745,9
4500,2,32860,40,7035788,131968,1313,0,0.005989,9
4500,3,37464,34,6754707,126282,1313,0,0.008436,9
4500,4,35660,40,6909083,129974,1313,0,0.009954,9
4500,5,36576,34,6769288,132628,1313,0,0.007871,9
4500,6,34948,39,6916173,131891,1314,0,0.009619,9
4500,7,36636,36,6771742,131937,1313,0,0.006734,9
4500,8,34508,37,7021078,126246,1313,0,0.008867,9
4500,9,36616,36,6765184,128335,1313,0,0.008151,9
4500,10,36996,36,6900633,127365,1313,0,0.010486,9
4560,1,36676,37,6866847,133080,1320,0,0.010745,9
4560,2,33512,42,7133461,134638,1320,0,0.035636,9
4560,3,37464,35,6847284,126385,1320,0,0.008436,9
4560,4,35960,55,7008077,133894,1320,0,0.009954,9
4560,5,36608,35,6867889,136187,1320,0,0.007871,9
4560,6,35656,41,7010092,133188,1320,0,0.009619,9
4560,7,36732,38,6864356,131512,1320,0,0.006734,9
4560,8,34556,39,7114345,126343,1320,0,0.008867,9
4560,9,36688,38,6856815,128288,1320,0,0.008151,9
4560,10,37104,38,6994854,128561,1324,0,0.010486,9
4620,1,36692,36,6960443,134503,1315,0,0.010745,9
4620,2,33720,42,7230199,137311,1316,0,0.035636,9
4620,3,37464,35,6942610,128488,1311,0,0.008436,9
4620,4,35960,55,7099891,134183,1311,0,0.009954,9
4620,5,36620,35,6963240,137843,1311,0,0.007871,9
4620,6,35780,41,7103748,133411,1316,0,0.009619,9
4620,7,36732,37,6957697,132606,1311,0,0.006734,9
4620,8,34568,39,7209848,128395,1311,0,0.008867,9
4620,9,36708,38,6951523,130454,1311,0,0.008151,9
4620,10,37164,38,7089037,129942,1311,0,0.010486,9
4680,1,36692,36,7049417,134354,1313,0,0.010745,9
4680,2,33724,42,7324012,139857,1313,0,0.035636,9
4680,3,37464,35,7035791,130768,1313,0,0.008436,9
4680,4,35964,55,7190737,135791,1317,0,0.009954,9
4680,5,36620,35,7054914,139053,1313,0,0.007871,9
4680,6,35784,41,7195042,135516,1313,0,0.009619,9
4680,7,36732,37,7051342,135040,1313,0,0.006734,9
4680,8,34596,39,7299264,129332,1313,0,0.008867,9
4680,9,36712,38,7040296,130377,1313,0,0.008151,9
4680,10,37176,38,7179601,131058,1313,0,0.010486,9
4740,1,36692,36,7139957,133915,1319,0,0.010745,9
4740,2,33744,42,7415765,140473,1319,0,0.035636,9
4740,3,37464,35,7130600,132745,1319,0,0.008436,9
4740,4,35988,55,7283719,136568,1319,0,0.009954,9
4740,5,36620,35,7150111,140941,1319,0,0.007871,9
4740,6,35792,41,7290075,138185,1319,0,0.009619,9
4740,7,36732,37,7146079,136433,1319,0,0.006734,9
4740,8,34608,39,7395982,133051,1319,0,0.008867,9
4740,9,36712,38,7134047,132456,1319,0,0.008151,9
4740,10,37184,38,7269146,130900,1319,0,0.010486,9
4800,1,5404,12,7235937,136212,,,,
4800,2,33744,42,7508393,140705,1323,0,0.035636,9
4800,3,37464,35,7224602,134700,1323,0,0.009269,9
4800,4,35996,55,7376249,137680,1328,0,0.009954,9
4800,5,36620,35,7244441,141823,1323,0,0.007871,9
4800,6,35932,42,7388379,141112,1323,0,0.009619,9
4800,7,36756,38,7241415,138608,1323,0,0.006734,9
4800,8,34660,40,7490239,135066,1328,0,0.008867,9
4800,9,36772,39,7225142,131701,1323,0,0.008151,9
4800,10,37184,39,7365587,133370,1323,0,0.010486,9
4860,1,32056,41,7468791,135579,1315,0,0.006149,9
4860,2,33908,43,7602161,141217,1319,0,0.035636,9
4860,3,37464,35,7322372,138265,1319,0,0.009269,9
4860,4,36004,54,7473192,138610,1315,0,0.009954,9
4860,5,36644,36,7337965,141946,1318,0,0.007871,9
4860,6,35956,41,7482057,141817,1319,0,0.009619,9
4860,7,36780,38,7337342,140924,1318,0,0.006734,9
4860,8,34724,40,7588410,137301,1315,0,0.008867,9
4860,9,36780,39,7321651,134750,1318,0,0.008151,9
4860,10,37188,39,7462591,135739,1315,0,0.010486,9
4920,1,32124,41,7560678,136832,1314,0,0.009460,9
4920,2,33920,43,7696185,141933,1309,0,0.035636,9
4920,3,37464,35,7416954,140393,1314,0,0.009269,9
4920,4,36008,53,7565615,140588,1314,0,0.009954,9
4920,5,36644,36,7430316,142807,1314,0,0.007871,9
4920,6,35956,41,7573596,141896,1309,0,0.010081,9
4920,7,36780,38,7432635,143651,1314,0,0.006734,9
4920,8,34744,40,7682000,139372,1314,0,0.008867,9
4920,9,36780,39,7414917,136492,1314,0,0.008151,9
4920,10,37188,39,7554179,136797,1314,0,0.010486,9
4980,1,32232,41,7653331,139305,1313,0,0.009460,9
4980,2,34308,42,7789400,144364,1313,0,0.035636,9
4980,3,37464,35,7507319,140458,1313,0,0.009269,9
4980,4,36012,51,7657383,142360,1313,0,0.009954,9
4980,5,36644,36,7518108,141821,1313,0,0.007871,9
4980,6,36008,41,7665436,143951,1313,0,0.010081,9
4980,7,36780,38,7522520,143804,1313,0,0.006734,9
4980,8,34756,39,7775351,142261,1313,0,0.008867,9
4980,9,36780,39,7508060,139166,1313,0,0.008151,9
4980,10,37188,39,7646095,138349,1314,0,0.010486,9
5040,1,32856,41,7748771,141518,1313,0,0.009460,9
5040,2,34308,42,7883383,146317,1318,0,0.035636,9
5040,3,37464,35,7601901,141861,1313,0,0.009269,9
5040,4,36036,50,7755368,145419,1313,0,0.009954,9
5040,5,36644,36,7610937,141891,1313,0,0.007871,9
5040,6,36044,40,7759232,145046,1318,0,0.010081,9
5040,7,36780,38,7616539,144498,1313,0,0.006734,9
5040,8,34760,39,7871347,143785,1313,0,0.008867,9
5040,9,36780,39,7600200,139147,1313,0,0.008151,9
5040,10,37356,38,7742894,141856,1313,0,0.010486,9
5100,1,33016,41,7847652,144238,1307,0,0.009460,9
5100,2,34420,42,7980362,147641,1307,0,0.035636,9
5100,3,37464,35,7697382,143218,1311,0,0.009269,9
5100,4,36092,50,7853940,148434,1307,0,0.009954,9
5100,5,36644,36,7707869,143781,1311,0,0.007871,9
5100,6,36104,40,7855188,144648,1307,0,0.011550,9
5100,7,36780,38,7708589,143545,1311,0,0.006734,9
5100,8,34816,39,7966211,144333,1307,0,0.008867,9
5100,9,36788,39,7699720,143336,1311,0,0.008151,9
5100,10,37356,38,7838026,142806,1311,0,0.010486,9
5160,1,33620,41,7941365,146472,1310,0,0.009460,9
5160,2,34452,42,8076832,151249,1310,0,0.035636,9
5160,3,37464,35,7786295,142225,1310,0,0.009269,9
5160,4,36100,50,7948508,150740,1314,0,0.009954,9
5160,5,36644,36,7798548,144121,1310,0,0.007871,9
5160,6,36104,40,7947717,146417,1310,0,0.011550,9
5160,7,36780,38,7803834,146469,1310,0,0.006734,9
5160,8,35568,39,8059603,146097,1314,0,0.008867,9
5160,9,36788,38,7791294,144172,1310,0,0.008151,9
5160,10,37356,38,7928820,142568,1310,0,0.010486,9
5220,1,33844,41,8035160,148029,1321,0,0.009460,9
5220,2,34468,42,8167630,151070,1321,0,0.035636,9
5220,3,37464,35,7883162,145048,1321,0,0.009269,9
5220,4,36104,49,8043344,152972,1321,0,0.009954,9
5220,5,36644,36,7891996,145311,1321,0,0.007871,9
5220,6,36108,40,8043046,149174,1321,0,0.011550,9
5220,7,36780,38,7897149,147438,1321,0,0.006734,9
5220,8,35568,39,8152477,146880,1321,0,0.010177,9
5220,9,36788,38,7883459,144919,1321,0,0.008151,9
5220,10,37360,38,8023988,144987,1321,0,0.010486,9
5280,1,33880,41,8127772,149687,1321,0,0.009460,9
5280,2,34468,42,8261122,152925,1326,0,0.035636,9
5280,3,37464,35,7973935,146071,1326,0,0.009269,9
5280,4,36104,49,8136366,154893,1324,0,0.009954,9
5280,5,36644,36,7985337,148098,1326,0,0.007871,9
5280,6,36108,40,8132983,149615,1326,0,0.011550,9
5280,7,36780,38,7989674,149492,1326,0,0.006734,9
5280,8,35584,39,8244871,148150,1325,0,0.010177,9
5280,9,36788,38,7974287,145816,1326,0,0.008151,9
5280,10,37360,38,8114321,145685,1323,0,0.010486,9
5340,1,33900,41,8219485,149970,1327,0,0.009460,9
5340,2,34468,42,8357074,154168,1322,0,0.035636,9
5340,3,37464,34,8067673,146511,1327,0,0.009269,9
5340,4,36108,48,8230518,155879,1327,0,0.009954,9
5340,5,36644,36,8083149,151291,1327,0,0.007871,9
5340,6,36108,40,8225106,148784,1322,0,0.011550,9
5340,7,36780,38,8088181,152607,1327,0,0.006734,9
5340,8,35584,39,8338640,148978,1327,0,0.010177,9
5340,9,36788,38,8070829,148289,1327,0,0.008151,9
5340,10,37364,38,8211660,148668,1327,0,0.010486,9
5400,1,33920,41,8312179,150454,1318,0,0.009460,9
5400,2,34484,42,8447002,154768,1322,0,0.035636,9
5400,3,37464,34,8164683,150230,1318,0,0.009269,9
5400,4,37696,48,8324636,157351,1318,0,0.009954,9
5400,5,36644,36,8176274,152148,1318,0,0.007871,9
5400,6,36108,40,8315901,149795,1322,0,0.011550,9
5400,7,36804,39,8183294,155471,1318,0,0.006734,9
5400,8,35640,40,8433949,151571,1318,0,0.010177,9
5400,9,31180,32,8291059,148310,131,0,0.000032,5
5400,10,37364,39,8304727,149417,1318,0,0.010486,9
5460,1,34168,43,8403971,150583,1319,0,0.009460,9
5460,2,34616,44,8542378,155595,1315,0,0.035636,9
5460,3,37504,35,8261030,153250,1319,0,0.009269,9
5460,4,37868,48,8418654,158048,1315,0,0.009954,9
5460,5,36748,47,8275501,155860,1319,0,0.007871,9
5460,6,36168,40,8410770,151041,1315,0,0.011550,9
5460,7,36804,39,8277043,155907,1319,0,0.007273,9
5460,8,35712,40,8528893,152835,1315,0,0.010177,9
5460,9,31748,38,8391514,148986,1315,0,0.008814,9
5460,10,37392,40,8400221,152492,1319,0,0.010486,9
5520,1,34176,43,8496216,150553,1308,0,0.009460,9
5520,2,34652,44,8635489,157525,1312,0,0.035636,9
5520,3,37504,35,8357352,155287,1308,0,0.009269,9
5520,4,37868,48,8510011,157995,1308,0,0.009954,9
5520,5,36748,47,8370776,158099,1308,0,0.007871,9
5520,6,36176,40,8506093,153479,1312,0,0.011550,9
5520,7,36804,39,8372256,157742,1308,0,0.007273,9
5520,8,35788,40,8623035,154441,1308,0,0.010177,9
5520,9,31828,38,8485985,150992,1312,0,0.008814,9
5520,10,37392,40,8492757,152484,1308,0,0.010486,9
5580,1,34180,43,8588245,151180,1321,0,0.009460,9
5580,2,34664,44,8732491,159022,1316,0,0.035636,9
5580,3,37504,35,8451866,156792,1316,0,0.009269,9
5580,4,37868,48,8606264,159883,1316,0,0.009954,9
5580,5,36748,47,8466541,159858,1316,0,0.007871,9
5580,6,36180,40,8601307,155064,1316,0,0.011550,9
5580,7,36804,39,8467381,159143,1316,0,0.007273,9
5580,8,35792,40,8716933,155422,1316,0,0.010177,9
5580,9,31872,38,8579532,151883,1316,0,0.008814,9
5580,10,37392,40,8588738,154993,1320,0,0.010486,9
5640,1,34180,43,8684955,154070,1314,0,0.009460,9
5640,2,35452,44,8825454,160709,1318,0,0.035636,9
5640,3,37504,35,8547325,159412,1314,0,0.009269,9
5640,4,37872,48,8701139,161880,1314,0,0.009954,9
5640,5,36748,47,8559650,160553,1314,0,0.007871,9
5640,6,36188,40,8698728,159018,1319,0,0.011550,9
5640,7,36804,39,8560373,159578,1314,0,0.007273,9
5640,8,35792,40,8811652,157082,1314,0,0.010177,9
5640,9,32612,38,8669781,151490,1314,0,0.008814,9
5640,10,37392,40,8680420,154562,1314,0,0.010486,9
5700,1,34184,43,8778974,156686,1318,0,0.009460,9
5700,2,35452,44,8916650,161703,1313,0,0.035636,9
5700,3,37504,35,8638342,160208,1313,0,0.009269,9
5700,4,37872,48,8790535,162235,1318,0,0.009954,9
5700,5,36748,47,8651369,162115,1313,0,0.007871,9
5700,6,36192,40,8791337,161201,1313,0,0.011550,9
5700,7,36804,39,8651577,161003,1313,0,0.007273,9
5700,8,35796,40,8903513,159132,1318,0,0.010177,9
5700,9,32732,38,8761143,152950,1313,0,0.008814,9
5700,10,37396,40,8771309,155837,1313,0,0.010486,9
5760,1,34192,43,8877866,160581,1321,0,0.009460,9
5760,2,35468,44,9009554,161798,1321,0,0.035636,9
5760,3,37504,35,8737250,163609,1321,0,0.009269,9
5760,4,37872,48,8884688,162909,1321,0,0.009954,9
5760,5,36748,47,8749411,164367,1321,0,0.007871,9
5760,6,36192,40,8882223,160578,1321,0,0.011550,9
5760,7,36804,39,8743816,160669,1321,0,0.007273,9
5760,8,35800,40,8999960,160849,1321,0,0.010177,9
5760,9,33212,38,8856098,154979,1321,0,0.008814,9
5760,10,37404,40,8866044,156916,1321,0,0.010486,9
5820,1,34220,43,8974520,164693,1326,0,0.009460,9
5820,2,35544,44,9102209,163434,1326,0,0.035636,9
5820,3,37540,35,8825971,162020,1326,0,0.009269,9
5820,4,37880,48,8979481,165668,1326,0,0.009954,9
5820,5,36768,47,8841383,165582,1326,0,0.007871,9
5820,6,36268,40,8974435,161273,1326,0,0.011550,9
5820,7,36812,39,8839320,163709,1326,0,0.007273,9
5820,8,35856,40,9091838,161417,1326,0,0.010177,9
5820,9,33696,38,8949418,156274,1327,0,0.008814,9
5820,10,37432,40,8958050,158272,1326,0,0.010486,9
5880,1,34236,43,9070713,167627,1313,0,0.009460,9
5880,2,35560,44,9193093,162799,1313,0,0.035636,9
5880,3,37540,35,8920196,163908,1313,0,0.009269,9
5880,4,37880,48,9071262,165832,1313,0,0.009954,9
5880,5,36768,47,8936730,167865,1313,0,0.007871,9
5880,6,36272,40,9067331,162261,1313,0,0.011550,9
5880,7,36812,39,8934389,165444,1313,0,0.007273,9
5880,8,35860,40,9184821,162401,1313,0,0.010177,9
5880,9,33736,38,9045637,159571,1313,0,0.008814,9
5880,10,37432,40,9051846,159144,1313,0,0.010486,9
5940,1,34252,43,9167524,169420,1319,0,0.009891,9
5940,2,35572,44,9291774,165178,1318,0,0.035636,9
5940,3,37540,35,9013534,163930,1319,0,0.009269,9
5940,4,37880,48,9166794,166737,1319,0,0.010402,9
5940,5,36768,46,9032780,169297,1319,0,0.007871,9
5940,6,36272,40,9161958,162010,1318,0,0.011550,9
5940,7,36812,38,9034150,168960,1319,0,0.007273,9
5940,8,35868,40,9280929,163835,1319,0,0.010177,9
5940,9,33788,38,9141908,161970,1319,0,0.008814,9
5940,10,37436,40,9145545,160255,1319,0,0.010486,9
6000,1,34264,43,9259157,169472,1318,0,0.009891,9
6000,2,35616,44,9384466,167782,1323,0,0.035636,9
6000,3,37540,34,9103701,163900,1323,0,0.009269,9
6000,4,37884,48,9264092,170385,1318,0,0.010402,9
6000,5,36768,44,9125877,171294,1323,0,0.007871,9
6000,6,37804,40,9250388,161931,1323,0,0.011550,9
6000,7,36812,39,9126915,170962,1323,0,0.007273,9
6000,8,35880,41,9373525,164562,1323,0,0.010177,8
6000,9,30932,32,9376070,165020,152,0,0.000069,1
6000,10,37448,40,9236519,161365,1323,0,0.010486,9
6060,1,34312,43,9353655,169805,1322,0,0.009891,9
6060,2,35676,44,9480032,168532,1322,0,0.035636,9
6060,3,37540,34,9201177,164569,1318,0,0.009269,9
6060,4,37936,47,9360481,172492,1322,0,0.010402,9
6060,5,36788,44,9221773,171131,1318,0,0.007871,9
6060,6,37816,40,9350248,165687,1322,0,0.011550,9
6060,7,36812,37,9226699,174145,1318,0,0.007273,9
6060,8,35884,40,9467243,164897,1322,0,0.010177,9
6060,9,31740,38,9471814,166740,1322,0,0.007225,9
6060,10,37492,39,9337356,164394,1323,0,0.010486,9
6120,1,34316,43,9447064,170632,1319,0,0.009891,9
6120,2,35684,44,9576209,171395,1319,0,0.035636,9
6120,3,37540,34,9294216,166341,1319,0,0.009269,9
6120,4,37940,47,9450954,172096,1319,0,0.010402,9
6120,5,36788,44,9314705,172642,1319,0,0.007871,9
6120,6,37816,40,9444691,167382,1319,0,0.011550,9
6120,7,36812,37,9318799,174339,1319,0,0.007273,9
6120,8,35888,40,9563673,167972,1319,0,0.010177,9
6120,9,31820,38,9564820,167955,1319,0,0.007225,9
6120,10,37492,39,9430698,166325,1319,0,0.010486,9
6180,1,34324,43,9537467,170000,1330,0,0.009891,9
6180,2,35688,44,9668895,173113,1332,0,0.035636,9
6180,3,37540,34,9388709,168741,1332,0,0.009269,9
6180,4,37940,47,9543310,173624,1332,0,0.010402,9
6180,5,36788,44,9409409,175116,1332,0,0.007871,9
6180,6,37824,40,9536278,168421,1332,0,0.011550,9
6180,7,36812,37,9412223,176286,1332,0,0.007273,9
6180,8,35888,40,9657975,170474,1332,0,0.010177,9
6180,9,32496,38,9654929,167294,1332,0,0.007225,9
6180,10,37496,39,9526521,168805,1327,0,0.010486,9
6240,1,34956,43,9629927,169443,1320,0,0.009891,9
6240,2,35688,44,9767660,174657,1316,0,0.035636,9
6240,3,37540,34,9486370,171012,1320,0,0.009269,9
6240,4,37940,47,9641791,175881,1320,0,0.010402,9
6240,5,36808,44,9506373,176645,1320,0,0.007871,9
6240,6,37840,40,9636739,171611,1316,0,0.011550,9
6240,7,36812,37,9506015,175586,1320,0,0.007273,9
6240,8,35892,40,9755749,172183,1320,0,0.010177,9
6240,9,32636,38,9752251,169345,1320,0,0.008408,9
6240,10,37496,39,9621484,170215,1320,0,0.010486,9
6300,1,34960,43,9722747,170398,1326,0,0.009891,9
6300,2,35748,44,9863163,177231,1326,0,0.035636,9
6300,3,37564,34,9580401,172678,1326,0,0.009269,9
6300,4,37976,47,9737936,177743,1326,0,0.010402,9
6300,5,36824,44,9598369,176769,1326,0,0.007871,9
6300,6,37856,40,9729461,173407,1326,0,0.011550,9
6300,7,36856,37,9598426,175891,1326,0,0.007273,9
6300,8,35936,40,9855592,176213,1326,0,0.010177,9
6300,9,32892,38,9847091,170080,1326,0,0.008408,9
6300,10,37496,39,9714199,171261,1326,0,0.010486,9
6360,1,35028,45,9818820,171515,1321,0,0.009891,9
6360,2,35848,46,9960853,179814,1321,0,0.035636,9
6360,3,37608,35,9676558,173811,1322,0,0.009269,9
6360,4,38132,63,9831912,177528,1321,0,0.010402,9
6360,5,36852,46,9697682,179963,1324,0,0.007871,9
6360,6,37916,42,9827779,175586,1321,0,0.011550,9
6360,7,36860,38,9692041,175643,1324,0,0.007273,9
6360,8,36036,42,9952520,178712,1321,0,0.011319,9
6360,9,33224,40,9944886,172781,1321,0,0.008408,9
6360,10,37512,41,9811389,171738,1319,0,0.010486,9
6420,1,35048,45,9913406,173100,1323,0,0.009891,9
6420,2,35860,45,10053054,179772,1323,0,0.035636,9
6420,3,37608,35,9770950,175579,1323,0,0.009269,9
6420,4,38132,62,9926727,179827,1323,0,0.010402,9
6420,5,36868,46,9791969,181437,1323,0,0.007871,9
6420,6,37924,42,9923444,177841,1323,0,0.011550,9
6420,7,36860,38,9787324,177674,1323,0,0.007273,9
6420,8,36040,42,10049138,180994,1323,0,0.011319,9
6420,9,33444,40,10038868,174108,1323,0,0.008408,9
6420,10,37512,41,9901743,171644,1323,0,0.010537,9
6480,1,35072,45,10009053,175260,1320,0,0.009891,9
6480,2,35864,45,10151778,183480,1320,0,0.035636,9
6480,3,37608,35,9862638,174754,1320,0,0.009269,9
6480,4,38136,62,10023540,182203,1320,0,0.010402,9
6480,5,36868,46,9885898,181551,1320,0,0.007871,9
6480,6,37936,42,10018400,179563,1320,0,0.011550,9
6480,7,36860,38,9879483,177168,1320,0,0.007273,9
6480,8,36040,42,10146173,183309,1320,0,0.011319,9
6480,9,33512,40,10135498,176927,1320,0,0.008408,9
6480,10,37512,41,9995378,172040,1320,0,0.010537,9
6540,1,35084,45,10104664,178284,1321,0,0.009891,9
6540,2,35868,45,10245799,185114,1326,0,0.035636,9
6540,3,37608,35,9956968,176232,1321,0,0.009269,9
6540,4,38136,62,10118432,183750,1321,0,0.010402,9
6540,5,36876,46,9979314,182345,1321,0,0.007871,9
6540,6,37936,42,10109645,179653,1326,0,0.011550,9
6540,7,36860,38,9974007,179000,1321,0,0.007273,9
6540,8,36040,42,10240292,184884,1321,0,0.011319,9
6540,9,33596,40,10231769,179193,1325,0,0.008408,9
6540,10,37516,41,10088248,172763,1321,0,0.010537,9
6600,1,35092,45,10200268,180419,1315,0,0.009891,9
6600,2,35868,45,10340627,184812,1310,0,0.035636,9
6600,3,37608,35,10053964,178962,1315,0,0.009269,9
6600,4,38136,61,10211310,183547,1315,0,0.010402,9
6600,5,36892,45,10077561,185893,1315,0,0.007871,9
6600,6,34452,14,10207158,181480,,,,
6600,7,36860,39,10070407,181510,1315,0,0.007273,9
6600,8,36144,43,10336803,185614,1310,0,0.011319,9
6600,9,33668,41,10325760,179445,1310,0,0.008408,9
6600,10,37560,42,10181067,173566,1315,0,0.010537,9
6660,1,35180,45,10296864,183435,1313,0,0.009891,9
6660,2,35892,45,10433745,186111,1313,0,0.035636,9
6660,3,37632,35,10149944,181039,1309,0,0.009269,9
6660,4,38144,59,10304860,185377,1313,0,0.010402,9
6660,5,36968,44,10170901,186146,1309,0,0.007959,9
6660,6,31780,39,10435136,180525,1313,0,0.007167,9
6660,7,36872,38,10166050,183673,1309,0,0.007273,9
6660,8,37728,42,10430255,187014,1313,0,0.011319,9
6660,9,33744,40,10418537,180526,1313,0,0.008408,9
6660,10,37560,41,10276458,175227,1309,0,0.010537,9
6720,1,35244,45,10394295,185745,1310,0,0.009891,9
6720,2,35896,45,10532757,189579,1310,0,0.035636,9
6720,3,37632,35,10243797,182054,1310,0,0.009269,9
6720,4,38144,58,10398519,185892,1310,0,0.010402,9
6720,5,36968,44,10265994,187626,1310,0,0.007959,9
6720,6,31852,39,10527734,180250,1310,0,0.007167,9
6720,7,36872,38,10259105,184390,1310,0,0.007273,9
6720,8,37732,41,10526832,188537,1310,0,0.011319,9
6720,9,33752,40,10513391,181460,1310,0,0.008408,9
6720,10,37564,41,10372646,178079,1310,0,0.010537,9
6780,1,35260,44,10489572,186814,1306,0,0.009891,9
6780,2,35896,45,10629583,191012,1306,0,0.035636,9
6780,3,37632,35,10338885,184535,1311,0,0.009269,9
6780,4,38144,57,10494952,187525,1306,0,0.010402,9
6780,5,36968,43,10362387,189963,1311,0,0.007959,9
6780,6,32012,39,10622335,181399,1310,0,0.008216,9
6780,7,36872,38,10351381,185098,1311,0,0.007273,9
6780,8,37740,41,10621223,188653,1306,0,0.011319,9
6780,9,34056,40,10608613,182542,1306,0,0.008408,9
6780,10,37568,40,10469927,181239,1311,0,0.010537,9
6840,1,35264,44,10579396,186699,1308,0,0.009891,9
6840,2,35896,45,10724119,192509,1303,0,0.035636,9
6840,3,37632,35,10436999,187527,1303,0,0.009269,9
6840,4,38144,57,10585991,187702,1308,0,0.010402,9
6840,5,36968,42,10456378,190979,1303,0,0.007959,9
6840,6,32616,39,10716386,182909,1303,0,0.008216,9
6840,7,36872,38,10446716,186520,1303,0,0.007273,9
6840,8,37744,40,10714548,190266,1308,0,0.011319,9
6840,9,34060,40,10703523,184095,1303,0,0.008408,9
6840,10,37568,40,10567594,184617,1308,0,0.010537,9
6900,1,35264,44,10673150,187812,1312,0,0.009891,9
6900,2,35904,45,10818907,195922,1317,0,0.035636,9
6900,3,37632,35,10531241,189705,1312,0,0.009269,9
6900,4,38152,57,10680876,189632,1312,0,0.011157,9
6900,5,36968,42,10546676,190565,1312,0,0.007959,9
6900,6,32684,39,10807057,183375,1312,0,0.008216,9
6900,7,36872,38,10537424,186630,1312,0,0.007273,9
6900,8,37744,40,10807274,190778,1312,0,0.011319,9
6900,9,34064,40,10795536,185268,1312,0,0.008408,9
6900,10,37576,40,10665623,189125,1312,0,0.010537,9
6961,1,35268,44,10766286,187458,1315,0,0.009891,9
6961,2,35944,45,10916177,197894,1315,0,0.035636,9
6961,3,37632,35,10628652,191935,1315,0,0.009269,9
6961,4,38156,57,10776476,191226,1315,0,0.011157,9
6961,5,36968,42,10642573,192353,1315,0,0.007959,9
6961,6,33548,39,10904117,186226,1315,0,0.008645,9
6961,7,36876,38,10632616,187747,1315,0,0.007273,9
6961,8,37748,40,10902525,191758,1315,0,0.011319,9
6961,9,34068,40,10890815,186616,1315,0,0.008408,9
6961,10,37576,40,10761556,190891,1318,0,0.010537,9
7020,1,35268,44,10858851,188327,1313,0,0.009891,9
7020,2,35944,45,11005288,195947,1308,0,0.035636,9
7020,3,37632,35,10725188,195225,1313,0,0.009371,9
7020,4,38160,57,10872872,194907,1313,0,0.011157,9
7020,5,36968,42,10734061,192916,1313,0,0.007959,9
7020,6,33924,39,10998064,188494,1313,0,0.008645,9
7020,7,36876,38,10730040,191756,1313,0,0.007273,9
7020,8,37748,40,10992553,191349,1313,0,0.011319,9
7020,9,34076,40,10982428,187529,1313,0,0.008408,9
7020,10,37576,40,10855379,192743,1313,0,0.010537,9
7080,1,35272,44,10951100,189646,1307,0,0.009891,9
7080,2,37108,45,11095824,195961,1307,0,0.035636,9
7080,3,37632,35,10820175,197748,1304,0,0.009371,9
7080,4,38160,56,10964497,195525,1307,0,0.011157,9
7080,5,36968,41,10827075,193689,1304,0,0.007959,9
7080,6,33940,39,11091322,189947,1304,0,0.008645,9
7080,7,36876,38,10827615,195646,1304,0,0.007273,9
7080,8,37752,40,11086781,193323,1307,0,0.011319,9
7080,9,34084,39,11075942,189197,1307,0,0.008408,9
7080,10,37580,40,10946295,192381,1304,0,0.010537,9
7140,1,35272,44,11047659,192733,1308,0,0.009891,9
7140,2,37116,44,11190206,197590,1313,0,0.035636,9
7140,3,37632,35,10911373,197807,1313,0,0.009371,9
7140,4,38168,54,11061072,198129,1308,0,0.011157,9
7140,5,36968,40,10921020,195882,1313,0,0.007959,9
7140,6,33992,39,11184887,192000,1313,0,0.008645,9
7140,7,36876,38,10924488,199577,1313,0,0.007273,9
7140,8,37764,40,11180992,194437,1308,0,0.011319,9
7140,9,34104,39,11165906,187957,1308,0,0.008408,9
7140,10,37580,40,11037269,191966,1308,0,0.010537,9
7200,1,35276,44,11140860,193747,1301,0,0.009891,9
7200,2,37128,43,11287767,199294,1298,0,0.035636,9
7200,3,37632,35,11005209,197457,1302,0,0.009371,9
7200,4,38168,54,11153442,198559,1301,0,0.011157,9
7200,5,5532,12,11018596,198706,,,,
7200,6,34032,39,11281755,194081,1298,0,0.008645,9
7200,7,36876,39,11022855,202135,1302,0,0.007273,8
7200,8,37832,41,11275737,196229,1301,0,0.011319,9
7200,9,34144,40,11260872,190044,1301,0,0.008563,9
7200,10,37580,41,11133383,193015,1302,0,0.010537,9
7260,1,35340,45,11237081,195885,1298,0,0.009891,9
7260,2,37296,44,11380913,200284,1302,0,0.035636,9
7260,3,37724,45,11096591,196685,1302,0,0.009371,9
7260,4,38172,51,11249511,200433,1298,0,0.011157,9
7260,5,31828,40,11247462,201331,1298,0,0.008188,9
7260,6,34236,41,11373808,194459,1302,0,0.008645,9
7260,7,36884,40,11118000,204500,1302,0,0.007273,9
7260,8,37856,42,11374587,199616,1302,0,0.011319,9
7260,9,34244,41,11356773,191708,1302,0,0.008563,9
7260,10,37624,41,11226509,193575,1298,0,0.010537,9
7320,1,35352,45,11333044,197967,1313,0,0.009891,9
7320,2,37484,44,11478685,204203,1318,0,0.035636,9
7320,3,37724,45,11188806,195821,1313,0,0.009371,9
7320,4,38176,51,11344080,201350,1313,0,0.011157,9
7320,5,32108,40,11342715,203658,1313,0,0.008188,9
7320,6,34260,41,11471305,196900,1313,0,0.008645,9
7320,7,36884,40,11208636,202579,1313,0,0.007273,9
7320,8,37860,42,11469483,201705,1313,0,0.011319,9
7320,9,34252,41,11452355,193797,1313,0,0.009733,9
7320,10,37624,41,11321031,194793,1313,0,0.010537,9
7381,1,35384,45,11426113,198616,1327,0,0.009891,9
7381,2,37488,44,11575583,206442,1327,0,0.035636,9
7381,3,37724,45,11284235,197018,1327,0,0.009371,9
7381,4,38176,51,11438347,202853,1327,0,0.011157,9
7381,5,32388,40,11438479,205814,1332,0,0.008188,9
7381,6,34652,41,11563418,197134,1327,0,0.009275,9
7381,7,37372,40,11302360,203006,1327,0,0.007273,9
7381,8,38036,42,11566357,204248,1327,0,0.011319,9
7381,9,34256,41,11548540,195876,1327,0,0.009733,9
7381,10,37628,41,11417091,197302,1332,0,0.010537,9
7440,1,35396,45,11519733,199827,1329,0,0.009891,9
7440,2,37496,44,11668487,207531,1329,0,0.035636,9
7440,3,37724,44,11377621,198756,1329,0,0.009371,9
7440,4,38176,49,11531051,203762,1329,0,0.011157,9
7440,5,33060,40,11531484,206791,1329,0,0.008188,9
7440,6,34656,41,11657577,198851,1329,0,0.009280,9
7440,7,37432,40,11396764,204452,1329,0,0.007273,9
7440,8,38040,41,11660044,206116,1329,0,0.011319,9
7440,9,34260,41,11642106,198387,1333,0,0.009733,9
7440,10,37628,41,11509411,198653,1329,0,0.010537,9
7500,1,35408,45,11612813,201289,1334,0,0.009891,9
7500,2,37496,44,11761015,207909,1334,0,0.035636,9
7500,3,38220,44,11473552,201812,1334,0,0.009371,9
7500,4,38180,48,11626862,206811,1334,0,0.011157,9
7500,5,33120,40,11626941,209235,1334,0,0.010645,9
7500,6,34668,41,11752244,200828,1339,0,0.009280,9
7500,7,37432,40,11491553,205900,1335,0,0.007273,9
7500,8,38040,40,11753006,207282,1334,0,0.014127,9
7500,9,35076,41,11732191,197986,1334,0,0.009733,9
7500,10,37628,41,11602007,199150,1334,0,0.010537,9
7560,1,35548,45,11706847,202584,1331,0,0.009891,9
7560,2,37500,44,11856860,210369,1331,0,0.035636,9
7560,3,38220,44,11570376,205080,1331,0,0.009371,9
7560,4,38180,48,11721029,208288,1331,0,0.011157,9
7560,5,33776,40,11721002,209896,1331,0,0.010645,9
7560,6,34828,41,11845180,201819,1331,0,0.009280,9
7560,7,37432,40,11583111,206213,1331,0,0.007273,9
7560,8,38040,40,11847555,207761,1331,0,0.014127,9
7560,9,35084,41,11827556,199511,1331,0,0.009733,9
7560,10,37628,41,11694610,199867,1331,0,0.010537,9
7620,1,35548,45,11804222,204448,1310,0,0.009891,9
7620,2,37500,43,11953554,211861,1310,0,0.035636,9
7620,3,38224,44,11668222,208032,1310,0,0.009371,9
7620,4,38180,47,11815311,208771,1310,0,0.011157,9
7620,5,34168,40,11818518,211973,1310,0,0.010645,9
7620,6,34864,41,11939780,202327,1310,0,0.009280,9
7620,7,37440,40,11680036,208823,1310,0,0.007273,9
7620,8,38040,40,11940583,208277,1310,0,0.014548,9
7620,9,35312,41,11921336,200206,1310,0,0.009733,9
7620,10,37788,41,11791066,201346,1310,0,0.010537,9
7680,1,37136,45,11903324,207268,1302,0,0.009891,9
7680,2,37500,43,12049320,212530,1302,0,0.035636,9
7680,3,38296,44,11767553,210697,1302,0,0.009371,9
7680,4,38184,47,11912914,210702,1302,0,0.011157,9
7680,5,34304,40,11914952,212875,1302,0,0.010645,9
7680,6,34888,41,12035359,203525,1302,0,0.009280,9
7680,7,37440,40,11777160,210305,1305,0,0.007273,9
7680,8,38040,40,12034896,207972,1302,0,0.014548,9
7680,9,35336,41,12018604,201699,1302,0,0.009733,9
7680,10,37820,41,11890734,203661,1301,0,0.010537,9
7740,1,37136,45,11995251,207290,1312,0,0.009891,9
7740,2,37504,43,12144830,214553,1312,0,0.035636,9
7740,3,38308,44,11866068,214190,1312,0,0.009371,9
7740,4,38184,46,12007191,211943,1312,0,0.011157,9
7740,5,34320,40,12007433,213341,1312,0,0.010645,9
7740,6,34888,41,12129107,204378,1312,0,0.009280,9
7740,7,37440,39,11870024,210309,1312,0,0.007273,9
7740,8,38044,40,12130765,210185,1312,0,0.014548,9
7740,9,35452,41,12115084,203761,1311,0,0.009733,9
7740,10,37824,41,11985377,205989,1312,0,0.010537,9
7800,1,37148,45,12090016,208250,1322,0,0.010314,9
7800,2,37624,43,12239864,215614,1322,0,0.035636,9
7800,3,38308,44,11963595,215553,1321,0,0.009371,9
7800,4,38184,46,12104062,213498,1322,0,0.011157,9
7800,5,34336,40,12103786,214577,1322,0,0.010645,9
7800,6,23896,11,12226007,205782,,,,
7800,7,37440,39,11967244,211710,1321,0,0.007331,8
7800,8,38088,41,12228547,212711,1322,0,0.014548,9
7800,9,35460,42,12210243,205961,1322,0,0.009733,9
7800,10,37824,42,12082664,207780,1321,0,0.010537,9
7860,1,37232,45,12185648,210769,1325,0,0.010314,9
7860,2,37652,43,12332432,216211,1325,0,0.035636,9
7860,3,38312,43,12054384,215772,1325,0,0.009371,9
7860,4,38188,46,12199480,215708,1325,0,0.011157,9
7860,5,34480,40,12197824,215978,1325,0,0.011953,9
7860,6,31836,40,12461283,207997,1325,0,0.008528,9
7860,7,37500,39,12057940,212202,1325,0,0.007331,9
7860,8,38092,40,12324285,214419,1320,0,0.014548,9
7860,9,35496,41,12303317,206402,1320,0,0.009733,9
7860,10,37832,41,12177702,211109,1325,0,0.010537,9
7920,1,37232,44,12279419,212867,1332,0,0.012923,9
7920,2,37660,43,12421845,215349,1327,0,0.035636,9
7920,3,38312,42,12148350,217951,1332,0,0.009371,9
7920,4,38192,46,12296844,220277,1332,0,0.011157,9
7920,5,34492,40,12289604,216929,1332,0,0.011953,9
7920,6,31952,40,12552154,208693,1332,0,0.009761,9
7920,7,37500,39,12149707,213449,1332,0,0.007331,9
7920,8,38092,40,12414674,215772,1332,0,0.014548,9
7920,9,35508,41,12397348,209634,1332,0,0.009733,9
7920,10,37832,41,12267679,211294,1332,0,0.010537,9
7980,1,37236,43,12376881,215047,1337,0,0.013224,9
7980,2,37668,43,12515071,217070,1342,0,0.035636,9
7980,3,38312,42,12241954,217836,1338,0,0.009371,9
7980,4,38196,45,12394315,222708,1342,0,0.012627,9
7980,5,34496,40,12386811,219269,1337,0,0.011953,9
7980,6,32136,40,12649422,211410,1337,0,0.009761,9
7980,7,37500,39,12246281,215427,1337,0,0.007331,9
7980,8,38096,40,12511432,218511,1342,0,0.014548,9
7980,9,35508,41,12488888,209258,1342,0,0.009733,9
7980,10,37832,41,12358914,209964,1337,0,0.010537,9
8040,1,37236,43,12472824,217210,1327,0,0.013224,9
8040,2,37672,43,12611664,217579,1322,0,0.035636,9
8040,3,38312,42,12335163,217321,1327,0,0.009371,9
8040,4,38196,45,12486941,222805,1327,0,0.012627,9
8040,5,34512,40,12485277,222583,1327,0,0.012276,9
8040,6,32820,40,12745121,212967,1327,0,0.011343,9
8040,7,37500,39,12342370,217354,1327,0,0.007331,9
8040,8,38096,40,12608336,219829,1327,0,0.014548,9
8040,9,35516,41,12590417,212604,1322,0,0.009733,9
8040,10,37832,41,12454724,211492,1327,0,0.010537,9
8100,1,37244,42,12567580,218250,1307,0,0.013224,9
8100,2,37672,42,12709267,220999,1312,0,0.035636,9
8100,3,38312,41,12432083,218952,1307,0,0.009494,9
8100,4,38196,44,12583599,224306,1311,0,0.012627,9
8100,5,34512,40,12581728,223845,1307,0,0.012276,9
8100,6,32944,40,12839551,213534,1307,0,0.011343,9
8100,7,37500,39,12436851,217736,1307,0,0.009172,9
8100,8,38096,40,12704721,221196,1311,0,0.014548,9
8100,9,35528,40,12684059,214061,1312,0,0.009733,9
8100,10,37832,40,12551048,212655,1307,0,0.010537,9
8160,1,37376,44,12663979,219625,1320,0,0.013224,9
8160,2,37712,44,12805213,221508,1316,0,0.035636,9
8160,3,38336,40,12527602,220594,1320,0,0.009494,9
8160,4,38196,45,12676126,223798,1320,0,0.012627,9
8160,5,34552,42,12677357,225187,1320,0,0.012651,9
8160,6,33412,42,12937515,216109,1320,0,0.011343,9
8160,7,37500,39,12534030,220270,1320,0,0.009172,9
8160,8,38120,42,12799207,221687,1320,0,0.014548,9
8160,9,35568,42,12780624,215652,1320,0,0.009733,9
8160,10,37972,56,12651590,216042,1320,0,0.010537,9
8220,1,37376,44,12757039,220721,1327,0,0.013224,9
8220,2,37712,44,12899099,224615,1327,0,0.035636,9
8220,3,38340,40,12621454,221471,1323,0,0.009494,9
8220,4,38196,45,12768549,223746,1327,0,0.012627,9
8220,5,34588,42,12769220,225566,1323,0,0.012651,9
8220,6,33604,42,13031371,217699,1323,0,0.013155,9
8220,7,37500,39,12627063,221277,1323,0,0.009261,9
8220,8,38184,42,12891520,223043,1327,0,0.014548,9
8220,9,35572,42,12875634,217804,1327,0,0.009733,9
8220,10,37976,56,12747564,218825,1323,0,0.010537,9
8280,1,37380,44,12856466,222507,1325,0,0.013224,9
8280,2,37712,44,12994641,224895,1325,0,0.035636,9
8280,3,38340,40,12719073,223338,1325,0,0.009494,9
8280,4,38196,45,12866473,224308,1320,0,0.012627,9
8280,5,34640,42,12865640,226334,1325,0,0.012651,9
8280,6,33656,42,13128992,219411,1325,0,0.013155,9
8280,7,37500,39,12724387,222847,1325,0,0.009261,9
8280,8,38188,42,12989926,223914,1324,0,0.014548,9
8280,9,35576,42,12975751,220203,1324,0,0.009733,9
8280,10,38040,56,12846648,221940,1325,0,0.010537,9
8340,1,37388,44,12953149,225351,1337,0,0.013224,9
8340,2,37716,44,13090253,226874,1337,0,0.035636,9
8340,3,38340,40,12810248,223200,1337,0,0.009494,9
8340,4,38200,45,12961047,226969,1337,0,0.012627,9
8340,5,34668,42,12958897,226968,1337,0,0.012651,9
8340,6,33688,42,13224439,221200,1337,0,0.013155,9
8340,7,37500,39,12819785,224186,1336,0,0.009261,9
8340,8,38204,42,13081019,223981,1337,0,0.014548,9
8340,9,35580,42,13071252,222199,1337,0,0.009733,9
8340,10,38040,56,12941443,223290,1337,0,0.010537,9
8400,1,37408,44,13048077,228162,1345,0,0.013224,9
8400,2,5508,12,13180647,226697,,,,
8400,3,38340,40,12902820,224288,1345,0,0.009494,9
8400,4,38200,45,13056574,229330,1341,0,0.012627,9
8400,5,34700,42,13051130,227771,1345,0,0.012651,9
8400,6,33712,42,13318361,223514,1345,0,0.013155,9
8400,7,37500,39,12909511,224810,1345,0,0.009261,9
8400,8,38260,42,13175695,225795,1346,0,0.014548,8
8400,9,35580,43,13166455,224487,1346,0,0.009733,8
8400,10,38040,57,13032901,224356,1345,0,0.010537,9
8460,1,37504,44,13147494,230886,1330,0,0.013224,9
8460,2,32268,41,13423354,229330,1330,0,0.009659,9
8460,3,38348,39,13002154,227125,1330,0,0.009494,9
8460,4,38204,45,13153488,231675,1330,0,0.012627,9
8460,5,34792,42,13145221,227614,1330,0,0.012651,9
8460,6,33856,42,13415876,224758,1330,0,0.013155,9
8460,7,37544,39,13007413,226467,1329,0,0.009261,9
8460,8,38260,42,13270289,226704,1330,0,0.014548,9
8460,9,35608,42,13261314,225760,1330,0,0.009733,9
8460,10,38120,54,13127694,223787,1330,0,0.010537,9
8520,1,37640,44,13243064,232347,1321,0,0.013224,9
8520,2,32308,41,13515860,230122,1326,0,0.009659,9
8520,3,38348,39,13096717,228648,1326,0,0.009494,9
8520,4,38208,45,13249640,233318,1321,0,0.012627,9
8520,5,34812,42,13240702,230251,1326,0,0.012651,9
8520,6,33868,42,13511649,227545,1326,0,0.013155,9
8520,7,37548,39,13097660,226650,1326,0,0.009261,9
8520,8,38260,42,13366589,229077,1324,0,0.014548,9
8520,9,35700,42,13355743,226238,1324,0,0.009823,9
8520,10,38120,54,13219564,224075,1326,0,0.010537,9
8580,1,37656,44,13338025,232851,1319,0,0.013224,9
8580,2,32384,41,13618157,234482,1315,0,0.009659,9
8580,3,38348,39,13193247,229766,1319,0,0.009494,9
8580,4,38208,45,13344660,234332,1319,0,0.012627,9
8580,5,34832,42,13342080,234225,1319,0,0.012651,9
8580,6,34304,42,13607922,228210,1319,0,0.013155,9
8580,7,37548,39,13192911,227143,1319,0,0.009261,9
8580,8,38292,42,13463170,230192,1315,0,0.014548,9
8580,9,35700,42,13451671,227121,1315,0,0.009823,9
8580,10,38132,54,13315863,225051,1319,0,0.010537,9
8640,1,37660,44,13433689,234262,1315,0,0.013224,9
8640,2,32972,41,13709475,234052,1315,0,0.009659,9
8640,3,38348,39,13293704,233972,1310,0,0.009494,9
8640,4,38208,45,13440970,236489,1315,0,0.012627,9
8640,5,34848,42,13440823,236932,1310,0,0.012651,9
8640,6,34316,42,13703869,229379,1310,0,0.013155,9
8640,7,37548,39,13287155,227354,1310,0,0.009261,9
8640,8,38292,42,13556452,231319,1315,0,0.014548,9
8640,9,35712,42,13546517,228328,1315,0,0.009823,9
8640,10,38136,54,13411446,226158,1312,0,0.010537,9
8700,1,37660,44,13527289,234254,1313,0,0.013224,9
8700,2,33292,41,13806666,236602,1313,0,0.009659,9
8700,3,38348,39,13387792,235089,1313,0,0.009494,9
8700,4,38212,45,13537816,238007,1313,0,0.012627,9
8700,5,35624,42,13534344,237708,1313,0,0.012651,9
8700,6,34328,42,13800231,231644,1313,0,0.013155,9
8700,7,37548,39,13383168,230017,1313,0,0.009261,9
8700,8,38292,42,13653972,232818,1308,0,0.014548,9
8700,9,35716,41,13644577,230192,1312,0,0.009823,9
8700,10,38136,53,13506179,227846,1313,0,0.010537,9
8760,1,37660,44,13622998,236374,1313,0,0.013224,9
8760,2,33876,41,13897615,236542,1313,0,0.009659,9
8760,3,38348,38,13482707,236688,1313,0,0.009750,9
8760,4,38212,44,13631213,239263,1313,0,0.012627,9
8760,5,35632,42,13628693,239999,1313,0,0.012651,9
8760,6,34524,42,13895035,233273,1313,0,0.013155,9
8760,7,37548,38,13475573,230634,1313,0,0.009261,9
8760,8,38296,42,13745977,234167,1313,0,0.014548,9
8760,9,35716,41,13736505,231646,1313,0,0.009823,9
8760,10,38140,52,13601676,230388,1313,0,0.010537,9
8820,1,37672,44,13717510,237959,1317,0,0.013224,9
8820,2,33904,41,13994007,239520,1317,0,0.009659,9
8820,3,38348,38,13576029,237857,1317,0,0.009750,9
8820,4,38212,44,13725022,240890,1317,0,0.012627,9
8820,5,35632,42,13721670,241212,1317,0,0.012651,9
8820,6,34640,42,13985338,232815,1317,0,0.013155,9
8820,7,37548,38,13568116,232149,1317,0,0.009261,9
8820,8,38296,41,13839423,235195,1318,0,0.014548,9
8820,9,35724,41,13830531,232988,1318,0,0.009823,9
8820,10,38428,51,13696622,232716,1317,0,0.010537,9
8880,1,37684,43,13809770,237929,1314,0,0.013224,9
8880,2,33916,41,14088624,240232,1314,0,0.010013,9
8880,3,38348,38,13672201,239781,1314,0,0.009750,9
8880,4,38216,44,13820449,242528,1314,0,0.012627,9
8880,5,35632,41,13815105,240621,1314,0,0.012651,9
8880,6,34660,41,14080349,234323,1314,0,0.013155,9
8880,7,37548,38,13664972,234700,1314,0,0.009261,9
8880,8,38296,41,13933854,236749,1314,0,0.014548,9
8880,9,35728,41,13926884,235357,1314,0,0.010126,9
8880,10,38432,49,13794408,235933,1314,0,0.010537,9
8940,1,37684,43,13904303,239434,1313,0,0.013224,9
8940,2,33980,41,14182049,241615,1313,0,0.010013,9
8940,3,38348,36,13766127,240882,1313,0,0.009882,9
8940,4,38216,44,13915450,244165,1313,0,0.012627,9
8940,5,35632,41,13907629,240761,1313,0,0.012651,9
8940,6,34660,41,14175500,236114,1313,0,0.013155,9
8940,7,37548,38,13758775,236553,1313,0,0.009261,9
8940,8,38300,40,14028177,238598,1313,0,0.014548,9
8940,9,35728,41,14021106,236723,1313,0,0.010126,9
8940,10,38432,48,13889202,237501,1311,0,0.010537,9
9000,1,37708,43,14002554,243170,1311,0,0.013224,9
9000,2,5512,12,14275466,241605,,,,
9000,3,38348,36,13861052,242440,1311,0,0.010119,9
9000,4,38216,44,14008464,244130,1311,0,0.012627,9
9000,5,35632,41,14000748,241757,1311,0,0.012651,9
9000,6,34672,41,14270660,237480,1311,0,0.013155,9
9000,7,37548,38,13853211,237668,1311,0,0.009261,9
9000,8,38300,40,14121325,238952,1311,0,0.014548,9
9000,9,37308,41,14120843,239913,1307,0,0.010126,9
9000,10,38436,49,13985299,239668,1311,0,0.010537,9
9060,1,38004,59,14092734,242868,1311,0,0.013224,9
9060,2,32056,41,14504052,244185,1306,0,0.009330,9
9060,3,38424,38,13954929,243810,1306,0,0.010119,9
9060,4,38228,46,14099741,244955,1311,0,0.012627,9
9060,5,35920,43,14092611,242588,1306,0,0.012651,9
9060,6,34896,43,14364370,239110,1306,0,0.013155,9
9060,7,37580,39,13948096,240225,1306,0,0.009261,9
9060,8,38352,42,14215478,241773,1311,0,0.014548,9
9060,9,37392,42,14212959,242049,1311,0,0.010126,9
9060,10,38460,49,14077596,240292,1306,0,0.010537,9
9120,1,38004,58,14187762,243634,1305,0,0.013224,9
9120,2,32124,41,14596047,243955,1305,0,0.009330,9
9120,3,38424,38,14050419,245603,1305,0,0.010199,9
9120,4,38232,46,14198115,247686,1305,0,0.012627,9
9120,5,35920,43,14186253,243706,1305,0,0.012651,9
9120,6,34896,43,14460133,241516,1305,0,0.013155,9
9120,7,37580,39,14046093,243907,1305,0,0.009261,9
9120,8,38352,42,14311677,243075,1301,0,0.014548,9
9120,9,37392,42,14307148,241988,1301,0,0.010126,9
9120,10,38464,48,14172042,241820,1305,0,0.010537,9
9180,1,38008,58,14283783,246844,1297,0,0.013224,9
9180,2,32256,41,14688950,245214,1302,0,0.009330,9
9180,3,38424,37,14142797,246222,1297,0,0.010199,9
9180,4,38232,45,14290694,248517,1302,0,0.012627,9
9180,5,35920,43,14277293,243810,1297,0,0.012651,9
9180,6,34908,43,14556768,244536,1297,0,0.013155,9
9180,7,37580,39,14139652,245176,1297,0,0.009261,9
9180,8,38352,42,14402101,243903,1302,0,0.014548,9
9180,9,37396,42,14400266,243930,1302,0,0.010126,9
9180,10,38464,48,14266124,242976,1297,0,0.011808,9
9240,1,38008,58,14381794,249989,1294,0,0.013224,9
9240,2,32848,41,14786117,247662,1299,0,0.009330,9
9240,3,38424,37,14236309,247129,1298,0,0.010199,9
9240,4,38232,45,14386044,249964,1294,0,0.012627,9
9240,5,35920,43,14370774,245137,1298,0,0.012651,9
9240,6,34908,43,14649561,245150,1298,0,0.013155,9
9240,7,37580,39,14233053,246323,1298,0,0.009261,9
9240,8,38352,42,14498732,245650,1294,0,0.014548,9
9240,9,37396,42,14493759,243787,1294,0,0.010126,9
9240,10,38464,48,14360977,244951,1298,0,0.011808,9
9300,1,38012,58,14474405,250724,1293,0,0.013224,9
9300,2,32928,41,14880234,250200,1293,0,0.009330,9
9300,3,38424,37,14329385,248190,1293,0,0.010199,9
9300,4,38236,45,14482387,253432,1298,0,0.014918,9
9300,5,35976,43,14464985,247167,1293,0,0.012651,9
9300,6,35708,43,14741946,245503,1293,0,0.013155,9
9300,7,37608,39,14327014,247879,1293,0,0.009261,9
9300,8,38356,42,14593216,248204,1298,0,0.014548,9
9300,9,37400,42,14583711,242964,1297,0,0.010126,9
9300,10,38464,48,14453658,245291,1293,0,0.011808,9
9360,1,38012,58,14570182,253455,1302,0,0.013224,9
9360,2,33312,41,14972545,250873,1305,0,0.009330,9
9360,3,38424,37,14421696,248731,1305,0,0.010199,9
9360,4,38240,45,14580044,256765,1302,0,0.014918,9
9360,5,35976,43,14559005,249120,1305,0,0.012651,9
9360,6,35712,43,14835025,246407,1305,0,0.013155,9
9360,7,37608,39,14419944,248779,1305,0,0.009261,9
9360,8,38356,42,14686213,248791,1302,0,0.014548,9
9360,9,37400,42,14678107,244078,1302,0,0.010126,9
9360,10,38468,48,14548283,247459,1305,0,0.011808,9
9420,1,38016,58,14662522,255061,1306,0,0.013224,9
9420,2,33752,41,15064760,251737,1301,0,0.009330,9
9420,3,38424,37,14516106,250257,1301,0,0.013702,9
9420,4,38240,45,14668604,255670,1306,0,0.014918,9
9420,5,35980,43,14655447,252323,1301,0,0.012651,9
9420,6,35716,43,14928411,247705,1301,0,0.013155,9
9420,7,37612,39,14514336,250068,1301,0,0.009261,9
9420,8,38360,42,14778539,250660,1306,0,0.014548,9
9420,9,37404,42,14769752,245933,1306,0,0.010126,9
9420,10,38468,48,14643755,249733,1302,0,0.011808,9
9480,1,38016,58,14755185,255776,1309,0,0.013224,9
9480,2,33800,41,15158326,253274,1309,0,0.009330,9
9480,3,38424,37,14609756,252626,1309,0,0.013702,9
9480,4,38240,45,14766924,259266,1304,0,0.014918,9
9480,5,35984,43,14748690,254618,1309,0,0.012651,9
9480,6,35728,43,15017293,246619,1309,0,0.013155,9
9480,7,37612,39,14606949,251414,1309,0,0.009261,9
9480,8,38360,42,14875015,253216,1304,0,0.014548,9
9480,9,37404,42,14866301,247630,1304,0,0.010126,9
9480,10,38468,48,14735325,250126,1309,0,0.011808,9
9540,1,38016,58,14846041,254710,1319,0,0.013224,9
9540,2,33816,41,15250008,252982,1315,0,0.009330,9
9540,3,38424,37,14707447,255880,1315,0,0.013702,9
9540,4,38240,45,14857671,259385,1319,0,0.014918,9
9540,5,35984,43,14843221,255946,1315,0,0.012651,9
9540,6,35752,43,15114483,249544,1316,0,0.013155,9
9540,7,37612,39,14703463,253962,1315,0,0.009261,9
9540,8,38360,42,14967256,254329,1319,0,0.014548,9
9540,9,37404,42,14960030,250081,1319,0,0.010126,9
9540,10,38472,48,14831517,252256,1316,0,0.011808,9
9600,1,38016,57,14939565,255193,1329,0,0.013224,9
9600,2,33840,41,15345722,255182,1329,0,0.009349,9
9600,3,5532,12,14801651,257390,,,,
9600,4,38240,44,14956470,261630,1324,0,0.014918,9
9600,5,35984,43,14938238,257872,1329,0,0.012651,9
9600,6,35760,43,15208092,251006,1329,0,0.013155,9
9600,7,37612,39,14798639,256127,1329,0,0.009261,9
9600,8,38364,42,15061647,254548,1324,0,0.014548,9
9600,9,37408,41,15056143,251462,1324,0,0.010126,9
9600,10,38504,48,14927052,254460,1329,0,0.011808,9
9660,1,38060,55,15034939,256154,1327,0,0.013224,9
9660,2,33956,41,15441582,256693,1327,0,0.009349,9
9660,3,32256,41,15039213,260353,1327,0,0.008455,9
9660,4,38544,45,15052276,262968,1331,0,0.014918,9
9660,5,36028,44,15031257,257653,1327,0,0.012651,9
9660,6,35852,44,15305196,253163,1327,0,0.013155,9
9660,7,37688,40,14892712,256638,1327,0,0.010144,9
9660,8,38364,43,15156176,256784,1332,0,0.014548,9
9660,9,37468,42,15151529,254023,1332,0,0.010126,9
9660,10,38508,47,15021874,254990,1327,0,0.011808,9
9720,1,38060,55,15129948,258604,1314,0,0.013224,9
9720,2,34360,41,15536727,259271,1314,0,0.009349,9
9720,3,32276,41,15130489,260576,1314,0,0.008847,9
9720,4,38544,43,15145283,264773,1314,0,0.014918,9
9720,5,36100,44,15122004,257895,1319,0,0.012651,9
9720,6,35856,44,15399048,255501,1319,0,0.013155,9
9720,7,37688,40,14988368,259228,1318,0,0.010710,9
9720,8,38364,43,15247656,256623,1314,0,0.014548,9
9720,9,37472,42,15244194,254982,1314,0,0.010126,9
9720,10,38508,45,15116543,256906,1318,0,0.011808,9
9780,1,38060,53,15224102,260663,1316,0,0.013224,9
9780,2,34360,41,15627217,259336,1316,0,0.009428,9
9780,3,32356,41,15222204,261277,1316,0,0.008847,9
9780,4,38548,43,15239531,266246,1316,0,0.014918,9
9780,5,36100,43,15214824,258731,1316,0,0.012651,9
9780,6,35856,44,15494495,258167,1316,0,0.013155,9
9780,7,37688,40,15081146,260344,1316,0,0.010710,9
9780,8,38364,42,15339513,256977,1316,0,0.014548,9
9780,9,37472,42,15338389,256838,1316,0,0.010126,9
9780,10,38508,45,15212352,259703,1316,0,0.011808,9
9840,1,38072,51,15319407,262749,1303,0,0.013224,9
9840,2,34360,41,15721026,260718,1303,0,0.009428,9
9840,3,33008,41,15317414,262483,1303,0,0.010336,9
9840,4,38552,42,15338761,270525,1303,0,0.014918,9
9840,5,36100,42,15309849,260608,1303,0,0.012651,9
9840,6,35856,44,15584876,256975,1303,0,0.013155,9
9840,7,37688,40,15177775,262160,1303,0,0.010710,9
9840,8,38364,42,15432918,257807,1303,0,0.014548,9
9840,9,37472,42,15435585,259644,1303,0,0.010126,9
9840,10,38508,45,15305566,259603,1302,0,0.011808,9
9900,1,38072,50,15418023,265492,1295,0,0.013224,9
9900,2,34384,41,15818828,262224,1295,0,0.009428,9
9900,3,33020,41,15414314,264226,1295,0,0.010336,9
9900,4,38552,42,15433266,270139,1295,0,0.014918,9
9900,5,36100,42,15406077,261771,1295,0,0.012651,9
9900,6,35856,43,15682835,259210,1295,0,0.013155,9
9900,7,37688,40,15272300,262329,1295,0,0.010710,9
9900,8,38364,42,15530655,259997,1295,0,0.014548,9
9900,9,37472,42,15532720,261566,1295,0,0.010126,9
9900,10,38508,45,15402256,261125,1295,0,0.011808,9
9960,1,38100,52,15514425,267333,1298,0,0.013224,9
9960,2,34436,43,15912952,262686,1298,0,0.009428,9
9960,3,34100,43,15510207,265284,1298,0,0.010336,9
9960,4,38552,44,15527615,270415,1298,0,0.014918,9
9960,5,36152,44,15504967,265488,1303,0,0.012651,9
9960,6,35900,45,15778064,260112,1303,0,0.013155,9
9960,7,37688,41,15369560,264963,1298,0,0.010710,9
9960,8,38376,44,15627531,261944,1298,0,0.014548,9
9960,9,37484,44,15625135,261003,1298,0,0.010126,9
9960,10,38624,62,15500840,263914,1303,0,0.011808,9
10020,1,38100,52,15604400,267108,1320,0,0.013224,9
10020,2,34464,43,16009066,266777,1324,0,0.010559,9
10020,3,34108,43,15600809,266374,1324,0,0.010336,9
10020,4,38556,44,15621790,272974,1320,0,0.014918,9
10020,5,36156,44,15597076,266732,1320,0,0.012651,9
10020,6,35900,45,15867765,259602,1320,0,0.013155,9
10020,7,37688,41,15460728,265084,1320,0,0.010710,9
10020,8,38380,44,15722447,265153,1320,0,0.014548,9
10020,9,37484,44,15717468,262594,1325,0,0.010126,9
10020,10,38624,62,15594667,265414,1320,0,0.011808,9
10080,1,38100,52,15697291,267542,1329,0,0.013224,9
10080,2,34628,43,16109061,270508,1324,0,0.010559,9
10080,3,34148,43,15698474,268562,1324,0,0.010336,9
10080,4,38560,44,15717866,275075,1329,0,0.014918,9
10080,5,36156,44,15691827,268496,1329,0,0.012651,9
10080,6,35900,45,15959947,259987,1329,0,0.013155,9
10080,7,37692,41,15557085,267192,1329,0,0.010710,9
10080,8,38384,44,15817319,266609,1329,0,0.014548,9
10080,9,37488,44,15812159,263781,1329,0,0.010126,9
10080,10,38624,62,15688539,265465,1329,0,0.011808,9
10140,1,38100,52,15791469,269204,1335,0,0.013224,9
10140,2,34684,43,16203004,273589,1340,0,0.010559,9
10140,3,34180,43,15790364,269698,1340,0,0.010336,9
10140,4,38560,44,15811905,275655,1335,0,0.014918,9
10140,5,37700,44,15786263,270525,1340,0,0.012651,9
10140,6,35920,45,16054694,263098,1340,0,0.013155,9
10140,7,37692,41,15645876,266865,1340,0,0.010710,9
10140,8,38384,44,15911290,268431,1335,0,0.014548,9
10140,9,37488,44,15900974,261832,1335,0,0.010126,9
10140,10,38628,62,15782985,268653,1340,0,0.011808,9
10200,1,38100,52,15885472,270285,1347,0,0.013224,8
10200,2,34724,43,16296329,273766,1342,0,0.010559,9
10200,3,5516,12,15885307,270990,,,,
10200,4,38560,44,15905193,277530,1345,0,0.014918,8
10200,5,37704,44,15882455,272689,1342,0,0.012651,9
10200,6,35920,45,16151911,265589,1342,0,0.013155,9
10200,7,37692,41,15742435,269371,1342,0,0.010710,9
10200,8,38384,44,16002167,268530,1345,0,0.014548,9
10200,9,37488,44,15996458,264274,1345,0,0.010126,9
10200,10,38628,63,15875803,268715,1342,0,0.011808,9
10260,1,38124,52,15984611,272638,1335,0,0.013224,9
10260,2,34776,43,16392592,275617,1339,0,0.010559,9
10260,3,32108,41,16125470,272075,1335,0,0.008207,9
10260,4,38580,44,16001642,278305,1335,0,0.014918,9
10260,5,37832,44,15980582,274234,1335,0,0.012651,9
10260,6,35980,44,16250371,267751,1335,0,0.013155,9
10260,7,37708,41,15839228,270766,1339,0,0.010710,9
10260,8,38444,44,16097298,268309,1335,0,0.014548,9
10260,9,37512,44,16094865,266564,1335,0,0.010126,9
10260,10,38632,59,15972521,269907,1335,0,0.011808,9
10320,1,38128,52,16080814,275456,1334,0,0.013224,9
10320,2,34776,43,16486545,274750,1329,0,0.010559,9
10320,3,32152,41,16217903,273024,1334,0,0.010167,9
10320,4,38580,44,16096701,280111,1334,0,0.014918,9
10320,5,37832,44,16073542,274521,1329,0,0.012651,9
10320,6,35984,44,16348296,270830,1329,0,0.013155,9
10320,7,37708,41,15934909,271823,1329,0,0.010710,9
10320,8,38444,44,16191132,269211,1334,0,0.014548,9
10320,9,37516,44,16191435,268745,1329,0,0.010126,9
10320,10,38636,59,16070162,272085,1329,0,0.011808,9
10380,1,38128,52,16180068,277774,1331,0,0.013224,9
10380,2,34776,43,16582263,275671,1335,0,0.010559,9
10380,3,32224,41,16317401,275147,1331,0,0.010167,9
10380,4,38580,44,16189971,278657,1331,0,0.014918,9
10380,5,37840,44,16169694,275905,1331,0,0.012651,9
10380,6,35984,44,16446493,273463,1331,0,0.013155,9
10380,7,37708,40,16032470,273404,1331,0,0.010710,9
10380,8,38448,44,16289554,271267,1331,0,0.014548,9
10380,9,37516,44,16286391,269092,1331,0,0.010126,9
10380,10,38640,58,16168936,274879,1331,0,0.011808,9
10440,1,38132,51,16273401,279198,1334,0,0.013224,9
10440,2,35008,43,16677901,276626,1329,0,0.010559,9
10440,3,32896,41,16410411,275761,1334,0,0.010167,9
10440,4,38580,44,16281808,278824,1334,0,0.014918,9
10440,5,37844,44,16264974,277170,1329,0,0.012651,9
10440,6,35984,44,16539943,273894,1329,0,0.013155,9
10440,7,37708,40,16126795,274888,1329,0,0.010710,9
10440,8,38448,42,16384246,273063,1334,0,0.014548,9
10440,9,37520,44,16384604,273697,1334,0,0.010126,9
10440,10,38640,57,16265278,276665,1329,0,0.011808,9
10500,1,38132,50,16369933,279866,1326,0,0.013224,9
10500,2,35036,42,16773318,278210,1330,0,0.010559,9
10500,3,32988,41,16507540,277005,1326,0,0.010167,9
10500,4,38580,44,16378419,279573,1326,0,0.014918,9
10500,5,37844,44,16357711,276609,1330,0,0.012651,9
10500,6,35988,44,16638940,276832,1330,0,0.013155,9
10500,7,37712,40,16221869,275736,1330,0,0.010710,9
10500,8,38452,42,16486241,277052,1326,0,0.014548,9
10500,9,37520,44,16481930,274250,1326,0,0.010126,9
10500,10,38644,55,16363600,279808,1330,0,0.011808,9
10560,1,38132,49,16462847,280610,1316,0,0.013224,9
10560,2,35164,42,16865332,278804,1316,0,0.010559,9
10560,3,33892,41,16603618,279756,1316,0,0.010167,9
10560,4,38580,44,16471120,281295,1316,0,0.014918,9
10560,5,37844,43,16449795,276833,1316,0,0.012651,9
10560,6,35988,44,16732151,277550,1316,0,0.013155,9
10560,7,37712,40,16312734,275439,1316,0,0.010710,9
10560,8,38456,42,16582251,280416,1316,0,0.014548,9
10560,9,37524,44,16575154,275819,1321,0,0.010126,9
10560,10,38644,53,16460220,282487,1316,0,0.011808,9
10620,1,38132,49,16559533,281928,1321,0,0.013224,9
10620,2,35164,42,16961432,280052,1321,0,0.010559,9
10620,3,33948,41,16699126,281367,1321,0,0.010167,9
10620,4,38580,44,16566233,281882,1321,0,0.014918,9
10620,5,37848,43,16549279,280508,1326,0,0.012651,9
10620,6,35992,44,16830378,280096,1326,0,0.013155,9
10620,7,37712,40,16410285,277676,1321,0,0.010710,9
10620,8,38460,42,16681300,283045,1321,0,0.014548,9
10620,9,37524,44,16668971,275717,1321,0,0.010126,9
10620,10,38644,53,16554811,282617,1326,0,0.011808,9
10680,1,38132,49,16652519,282496,1310,0,0.013224,9
10680,2,35176,42,17055093,281213,1310,0,0.010559,9
10680,3,34000,41,16789023,280543,1314,0,0.010167,9
10680,4,38584,44,16664882,286453,1310,0,0.014918,9
10680,5,37848,43,16641561,281106,1310,0,0.012651,9
10680,6,37488,44,16923414,280398,1310,0,0.013155,9
10680,7,37712,40,16507056,280172,1310,0,0.010710,9
10680,8,38460,42,16777427,285751,1314,0,0.014548,9
10680,9,37524,44,16762866,277363,1314,0,0.010126,9
10680,10,38648,53,16650487,284535,1310,0,0.011808,9
10740,1,38136,48,16747726,283563,1310,0,0.013224,9
10740,2,35340,42,17149406,282139,1314,0,0.010559,9
10740,3,34076,41,16885654,282187,1310,0,0.010167,9
10740,4,38588,43,16761479,288415,1310,0,0.014918,9
10740,5,37848,43,16736538,282445,1314,0,0.012651,9
10740,6,37492,44,17021995,284180,1314,0,0.013155,9
10740,7,37712,39,16601514,281584,1314,0,0.010710,9
10740,8,38460,42,16872620,286598,1310,0,0.014548,9
10740,9,37524,43,16859011,278464,1310,0,0.010126,9
10740,10,38648,51,16746380,286136,1314,0,0.011808,9
10800,1,38136,47,16844949,286716,1306,0,0.013224,9
10800,2,35340,42,17242827,282737,1306,0,0.010559,9
10800,3,34132,41,16982784,285708,1311,0,0.010167,9
10800,4,5520,12,16854680,290001,,,,
10800,5,37852,43,16831538,284191,1306,0,0.012651,9
10800,6,37492,44,17115494,283761,1306,0,0.013155,9
10800,7,37712,39,16695169,282413,1306,0,0.010710,9
10800,8,38464,42,16966280,287339,1311,0,0.014548,8
10800,9,37528,43,16955244,281592,1311,0,0.010126,8
10800,10,38648,50,16839475,286167,1306,0,0.011808,9
10860,1,38196,47,16935763,287339,1319,0,0.013224,9
10860,2,35404,44,17338421,285556,1314,0,0.010559,9
10860,3,34292,43,17073903,285406,1319,0,0.010167,9
10860,4,32120,41,17082161,291928,1314,0,0.008312,9
10860,5,37920,45,16924665,286198,1319,0,0.012651,9
10860,6,37552,46,17206034,284402,1319,0,0.013155,9
10860,7,37716,40,16793088,286910,1319,0,0.010710,9
10860,8,38508,44,17056647,287478,1319,0,0.014548,9
10860,9,37556,44,17050296,283197,1314,0,0.010126,9
10860,10,38832,64,16932623,287129,1319,0,0.011808,9
10920,1,38196,47,17032989,288915,1314,0,0.013224,9
10920,2,35404,44,17432771,287201,1319,0,0.010559,9
10920,3,34636,43,17171095,287182,1319,0,0.010167,9
10920,4,32140,41,17179261,295075,1319,0,0.009272,9
10920,5,37924,45,17019238,285847,1314,0,0.012651,9
10920,6,37552,46,17301857,284959,1314,0,0.013155,9
10920,7,37716,40,16889489,288988,1319,0,0.010710,9
10920,8,38508,44,17153072,288036,1319,0,0.014548,9
10920,9,37556,44,17145761,284997,1319,0,0.010126,9
10920,10,38836,64,17028005,287904,1314,0,0.011808,9
10980,1,38200,47,17128874,292149,1327,0,0.013224,9
10980,2,35408,44,17531775,290690,1323,0,0.010559,9
10980,3,34652,43,17266299,289298,1323,0,0.012395,9
10980,4,32312,41,17273807,295419,1323,0,0.009272,9
10980,5,37924,45,17111995,287143,1328,0,0.012651,9
10980,6,37552,45,17395079,286023,1328,0,0.013155,9
10980,7,40836,40,16983438,289234,1323,0,0.010710,9
10980,8,38508,44,17244030,287267,1323,0,0.014548,9
10980,9,37556,44,17240873,287105,1323,0,0.010603,9
10980,10,38836,63,17121814,288770,1328,0,0.011808,9
11040,1,38200,46,17225759,294381,1329,0,0.013224,9
11040,2,35412,44,17623880,290744,1329,0,0.010559,9
11040,3,34664,43,17362994,291953,1329,0,0.012395,9
11040,4,32980,41,17368698,296841,1329,0,0.009272,9
11040,5,37924,45,17205506,287719,1329,0,0.012651,9
11040,6,37552,45,17489397,286715,1329,0,0.013155,9
11040,7,40836,39,17080456,292150,1329,0,0.012664,9
11040,8,38508,44,17339613,289011,1329,0,0.014548,9
11040,9,37560,44,17336615,288555,1329,0,0.010603,9
11040,10,38836,63,17216715,289591,1329,0,0.011808,9
11100,1,38204,46,17318341,294932,1328,0,0.013224,9
11100,2,35412,44,17719512,293009,1323,0,0.010559,9
11100,3,34668,43,17454855,291385,1323,0,0.012395,9
11100,4,33016,41,17462554,297991,1323,0,0.009272,9
11100,5,37924,45,17299328,289312,1328,0,0.012651,9
11100,6,37556,45,17583589,288512,1328,0,0.013155,9
11100,7,40836,39,17176072,294278,1328,0,0.012664,9
11100,8,38512,44,17436189,291274,1323,0,0.014548,9
11100,9,37560,44,17429816,288852,1323,0,0.010603,9
11100,10,38840,63,17312288,292472,1328,0,0.011808,9
11160,1,38296,46,17414288,296753,1335,0,0.013224,9
11160,2,35420,44,17811401,293310,1338,0,0.010559,9
11160,3,34704,43,17547402,292424,1338,0,0.012395,9
11160,4,33880,41,17559408,301159,1338,0,0.009272,9
11160,5,37924,45,17395081,291159,1334,0,0.012651,9
11160,6,37556,44,17678805,289693,1334,0,0.013155,9
11160,7,40840,39,17267194,293110,1334,0,0.012664,9
11160,8,38512,44,17532511,294427,1338,0,0.014548,9
11160,9,37560,44,17524272,290704,1338,0,0.010603,9
11160,10,38840,62,17408710,294291,1334,0,0.011808,9
11220,1,38296,45,17510623,298701,1330,0,0.013224,9
11220,2,35428,44,17907799,295048,1330,0,0.010559,9
11220,3,34732,43,17646183,294712,1325,0,0.012395,9
11220,4,33964,41,17656802,301957,1325,0,0.009272,9
11220,5,37932,45,17488033,291466,1330,0,0.012651,9
11220,6,37572,43,17773195,290624,1330,0,0.013155,9
11220,7,40840,39,17362724,294115,1330,0,0.012664,9
11220,8,38516,44,17631015,296457,1325,0,0.014548,9
11220,9,37564,44,17621308,292165,1325,0,0.010603,9
11220,10,38844,62,17507807,298037,1330,0,0.011808,9
11280,1,38296,45,17605644,299023,1329,0,0.013224,9
11280,2,35432,44,18006122,296724,1329,0,0.010559,9
11280,3,34744,43,17745255,298601,1329,0,0.012395,9
11280,4,34016,41,17750163,302521,1329,0,0.009272,9
11280,5,37944,44,17584661,293507,1329,0,0.012651,9
11280,6,37588,43,17869367,292318,1329,0,0.013155,9
11280,7,40840,39,17456064,294260,1334,0,0.012664,9
11280,8,38516,43,17727815,299354,1329,0,0.014548,9
11280,9,37564,44,17715535,292833,1329,0,0.010603,9
11280,10,38848,60,17604528,299200,1329,0,0.011808,9
11340,1,38300,45,17702453,300974,1321,0,0.013224,9
11340,2,35432,43,18101064,298607,1321,0,0.010559,9
11340,3,34752,42,17838397,298875,1325,0,0.012395,9
11340,4,34028,41,17848670,305544,1322,0,0.009389,9
11340,5,37948,44,17680134,294961,1321,0,0.012651,9
11340,6,37592,43,17964556,293607,1321,0,0.013155,9
11340,7,40840,39,17549002,293802,1321,0,0.012664,9
11340,8,38520,43,17824436,301379,1326,0,0.014548,9
11340,9,37564,44,17810294,294053,1325,0,0.010603,9
11340,10,38848,58,17699599,300859,1321,0,0.011808,9
11400,1,38304,45,17799286,303924,1332,0,0.013224,9
11400,2,35436,43,18196789,301369,1337,0,0.010559,9
11400,3,5528,12,17935149,301067,,,,
11400,4,34068,41,17943723,307417,1332,0,0.009389,9
11400,5,37952,44,17775867,297567,1332,0,0.012651,9
11400,6,37596,43,18057164,293859,1332,0,0.013155,9
11400,7,40932,39,17642935,294923,1332,0,0.012664,9
11400,8,38520,43,17916175,300918,1332,0,0.014548,9
11400,9,37568,44,17905626,295528,1332,0,0.010603,9
11400,10,38856,59,17792482,301248,1332,0,0.011808,9
11460,1,38316,45,17895005,305168,1317,0,0.013224,9
11460,2,35448,43,18296496,304101,1314,0,0.010900,9
11460,3,32256,41,18176677,304621,1314,0,0.009945,9
11460,4,34244,41,18037598,306858,1314,0,0.009389,9
11460,5,37952,44,17871089,298416,1318,0,0.012651,9
11460,6,37692,43,18151730,295026,1318,0,0.013155,9
11460,7,41028,39,17739713,296957,1319,0,0.012664,9
11460,8,38520,43,18014421,302752,1314,0,0.014548,9
11460,9,37568,44,18002446,296784,1314,0,0.010603,9
11460,10,38860,57,17887111,301518,1319,0,0.011808,9
11520,1,38316,45,17987504,305886,1323,0,0.013224,9
11520,2,35448,43,18388833,305166,1320,0,0.010900,9
11520,3,32412,41,18269310,305523,1320,0,0.010328,9
11520,4,34492,41,18133151,309851,1323,0,0.009389,9
11520,5,37956,44,17968785,302118,1320,0,0.012651,9
11520,6,37692,43,18247848,297635,1320,0,0.013155,9
11520,7,41028,39,17831276,297342,1320,0,0.012664,9
11520,8,38520,43,18106062,303416,1323,0,0.014548,9
11520,9,37568,44,18095440,298554,1323,0,0.010603,9
11520,10,38860,57,17977724,301157,1320,0,0.011808,9
11580,1,38316,45,18082766,306581,1318,0,0.013224,9
11580,2,35448,43,18485247,306506,1321,0,0.010900,9
11580,3,32516,41,18364880,306280,1321,0,0.010328,9
11580,4,34532,41,18231042,312410,1323,0,0.009389,9
11580,5,37960,44,18066547,304589,1318,0,0.012651,9
11580,6,37812,43,18346100,300160,1318,0,0.013155,9
11580,7,41032,39,17926235,298778,1318,0,0.012664,9
11580,8,38524,43,18202499,304315,1318,0,0.014548,9
11580,9,37572,44,18191027,299567,1323,0,0.010608,9
11580,10,38908,57,18073203,302352,1318,0,0.011808,9
11640,1,38316,45,18176537,307716,1319,0,0.013224,9
11640,2,35452,42,18582164,309424,1319,0,0.010900,9
11640,3,33212,41,18460348,307786,1319,0,0.010606,9
11640,4,34580,41,18322974,311561,1314,0,0.009389,9
11640,5,37960,44,18159860,305737,1319,0,0.012651,9
11640,6,37816,43,18440391,301958,1319,0,0.013155,9
11640,7,41032,39,18022686,301907,1319,0,0.012664,9
11640,8,38524,43,18297194,305220,1314,0,0.014548,9
11640,9,37572,44,18287673,301769,1314,0,0.010608,9
11640,10,38908,56,18166429,303014,1319,0,0.011808,9
11700,1,38320,44,18272926,308319,1317,0,0.013224,9
11700,2,35452,42,18677160,309617,1317,0,0.010900,9
11700,3,33304,41,18555556,308948,1317,0,0.010606,9
11700,4,34616,41,18420085,313723,1317,0,0.009389,9
11700,5,37964,44,18260030,309061,1317,0,0.012651,9
11700,6,37816,43,18535251,302762,1317,0,0.013155,9
11700,7,41032,39,18119783,304016,1317,0,0.012664,9
11700,8,38524,43,18392398,306896,1317,0,0.014548,9
11700,9,37572,44,18380370,301785,1317,0,0.010608,9
11700,10,38912,55,18264926,305811,1317,0,0.011808,9
11760,1,38384,62,18367103,310429,1320,0,0.013224,9
11760,2,35452,44,18770002,311123,1324,0,0.010900,9
11760,3,34348,43,18646751,309502,1324,0,0.010606,9
11760,4,34768,43,18513298,315544,1320,0,0.009389,9
11760,5,38012,45,18354292,311346,1320,0,0.012651,9
11760,6,37868,45,18627999,304303,1320,0,0.013155,9
11760,7,41172,41,18209577,303751,1320,0,0.012664,9
11760,8,38556,45,18484254,307087,1320,0,0.014548,9
11760,9,37576,46,18477960,305507,1320,0,0.010608,9
11760,10,42056,56,18358873,307873,1320,0,0.011808,9
11820,1,38388,62,18462456,311991,1313,0,0.013224,9
11820,2,35456,44,18865870,313186,1317,0,0.010900,9
11820,3,34364,43,18743968,311663,1317,0,0.010606,9
11820,4,34776,43,18606960,315390,1313,0,0.009389,9
11820,5,38016,45,18449795,313088,1317,0,0.012651,9
11820,6,37868,45,18721460,304887,1317,0,0.013155,9
11820,7,41172,41,18303794,305287,1317,0,0.012664,9
11820,8,38556,44,18580693,309192,1313,0,0.014548,9
11820,9,37576,46,18573410,306934,1313,0,0.010608,9
11820,10,42080,55,18455214,310372,1317,0,0.011808,9
11880,1,38388,61,18555749,313397,1311,0,0.013224,9
11880,2,36832,44,18958670,313283,1311,0,0.010900,9
11880,3,34432,43,18842181,314441,1311,0,0.010606,9
11880,4,34780,43,18700419,315819,1306,0,0.009389,9
11880,5,38016,45,18543200,313493,1311,0,0.012651,9
11880,6,37868,45,18817648,306808,1311,0,0.013155,9
11880,7,41172,41,18398998,307374,1311,0,0.012664,9
11880,8,38556,44,18671536,309106,1311,0,0.014548,9
11880,9,37580,45,18670601,309617,1306,0,0.010608,9
11880,10,42084,55,18551912,313163,1311,0,0.011808,9
11940,1,38388,61,18651384,315119,1316,0,0.013224,9
11940,2,36856,44,19050829,312823,1316,0,0.010900,9
11940,3,34460,47,18940462,317462,1316,0,0.010606,9
11940,4,34780,43,18795363,318217,1316,0,0.009389,9
11940,5,38016,45,18636702,314583,1316,0,0.012651,9
11940,6,37872,45,18911768,307789,1316,0,0.013155,9
11940,7,41176,41,18495009,308880,1316,0,0.012664,9
11940,8,38556,44,18765104,309982,1316,0,0.014548,9
11940,9,37580,45,18765563,311483,1316,0,0.010608,9
11940,10,42084,55,18648106,315593,1316,0,0.011808,9
12000,1,38392,61,18745614,315918,1308,0,0.013224,9
12000,2,36856,44,19148373,314979,1304,0,0.010900,9
12000,3,5528,12,19036564,319068,,,,
12000,4,34780,43,18889033,318748,1308,0,0.009389,9
12000,5,38016,45,18730597,314353,1308,0,0.012651,9
12000,6,37872,45,19009617,311050,1308,0,0.013155,9
12000,7,41176,41,18588258,308818,1309,0,0.012664,8
12000,8,38560,44,18862288,312720,1308,0,0.014548,9
12000,9,37584,43,18863468,314565,1308,0,0.010608,9
12000,10,42088,53,18743544,316781,1308,0,0.011808,9
12060,1,38416,59,18841064,317864,1317,0,0.013224,9
12060,2,36928,44,19241956,315561,1312,0,0.010900,9
12060,3,32096,41,19268860,321281,1317,0,0.010257,9
12060,4,34908,43,18980877,318712,1317,0,0.009389,9
12060,5,38028,45,18824840,314946,1317,0,0.012651,9
12060,6,38004,45,19103829,311829,1317,0,0.013155,9
12060,7,41196,41,18687658,313391,1312,0,0.012664,9
12060,8,38584,44,18958950,315382,1317,0,0.014548,9
12060,9,37584,43,18958335,315246,1317,0,0.010608,9
12060,10,42144,53,18837722,317390,1317,0,0.011808,9
12120,1,38848,58,18933524,318680,1318,0,0.013224,9
12120,2,36928,44,19336443,318077,1317,0,0.010900,9
12120,3,32148,41,19359448,321452,1317,0,0.010317,9
12120,4,34928,43,19075607,321139,1321,0,0.009389,9
12120,5,38032,45,18918251,316441,1317,0,0.012651,9
12120,6,38016,45,19198271,314427,1317,0,0.013155,9
12120,7,41196,40,18779582,314852,1317,0,0.012664,9
12120,8,38588,44,19051524,316237,1320,0,0.014548,9
12120,9,37588,43,19050316,315944,1320,0,0.010608,9
12120,10,42144,52,18930201,318796,1317,0,0.011808,9
12180,1,39460,58,19283902,453273,248,0,0.013224,9
12180,2,37108,44,19454569,320447,1223,0,0.010900,9
12180,3,33024,41,19474986,321617,1223,0,0.011045,9
12180,4,34968,43,19193792,323009,1223,0,0.009389,9
12180,5,38032,45,19035063,317954,1223,0,0.012651,9
12180,6,38016,45,19314580,315113,1223,0,0.013155,9
12180,7,41196,40,18894640,315190,1223,0,0.013842,9
12180,8,38588,44,19169566,318846,1223,0,0.014548,9
12180,9,37588,43,19169542,318306,1223,0,0.010608,9
12180,10,42148,51,19045851,319421,1223,0,0.011808,9
12240,1,39460,58,19319626,454295,515,0,0.013224,9
12240,2,37124,44,19544620,321570,1243,0,0.010900,9
12240,3,33048,41,19565464,322536,1248,0,0.011045,9
12240,4,35764,43,19283036,323754,1248,0,0.009389,9
12240,5,38036,45,19127959,320998,1248,0,0.012651,9
12240,6,38020,45,19406821,317947,1248,0,0.013155,9
12240,7,41196,40,18986238,316422,1248,0,0.013842,9
12240,8,38592,44,19259811,320667,1248,0,0.014548,9
12240,9,37588,43,19259607,319313,1248,0,0.010608,9
12240,10,42148,51,19135182,320139,1248,0,0.011808,9
12300,1,39468,58,19354706,455624,775,0,0.013224,9
12300,2,37128,44,19630399,322467,1274,0,0.011268,9
12300,3,33096,41,19655812,325247,1271,0,0.011735,9
12300,4,35768,43,19371221,325813,1274,0,0.009389,9
12300,5,38036,45,19215247,321926,1271,0,0.012651,9
12300,6,38020,45,19493522,318175,1271,0,0.013155,9
12300,7,41224,40,19072829,318117,1271,0,0.014436,9
12300,8,38592,44,19348961,322347,1275,0,0.014548,9
12300,9,37588,43,19346272,319848,1275,0,0.010608,9
12300,10,42148,50,19226369,322817,1271,0,0.011808,9
12360,1,39468,58,19387220,455300,1031,0,0.013224,9
12360,2,37132,44,19719744,325074,1293,0,0.011742,9
12360,3,33764,41,19742820,325647,1288,0,0.012457,9
12360,4,35776,43,19463117,329207,1288,0,0.009389,9
12360,5,38040,44,19305974,324893,1288,0,0.012651,9
12360,6,38024,45,19584684,321348,1288,0,0.013155,9
12360,7,41228,40,19159552,318541,1293,0,0.014436,9
12360,8,38592,44,19436496,322981,1288,0,0.014548,9
12360,9,37592,43,19430964,319034,1288,0,0.010608,9
12360,10,42152,50,19314638,324460,1288,0,0.011808,9
12420,1,40832,58,19716742,582649,22,0,0.013224,9
12420,2,37140,44,19833800,326498,1206,0,0.011742,9
12420,3,33892,41,19854178,327098,1206,0,0.012457,9
12420,4,35824,43,19576794,331561,1206,0,0.009389,9
12420,5,38052,44,19416395,325481,1206,0,0.012651,9
12420,6,38024,44,19698619,323771,1206,0,0.013155,9
12420,7,41228,40,19270784,319188,1206,0,0.014436,9
12420,8,38596,44,19547188,323938,1206,0,0.014548,9
12420,9,37592,43,19542243,320436,1206,0,0.010608,9
12420,10,42160,49,19429472,327274,1206,0,0.011808,9
12480,1,40832,58,19752578,584012,284,0,0.013224,9
12480,2,37144,44,19923012,327344,1228,0,0.012353,9
12480,3,33928,41,19944194,328939,1228,0,0.012457,9
12480,4,35828,43,19667485,333773,1228,0,0.009392,9
12480,5,38052,44,19505561,326673,1228,0,0.012651,9
12480,6,38028,44,19787757,325249,1228,0,0.013155,9
12480,7,41228,40,19359751,320851,1228,0,0.014436,9
12480,8,38596,44,19636533,325609,1228,0,0.014548,9
12480,9,37592,43,19631706,321361,1228,0,0.010608,9
12480,10,42164,49,19518232,328711,1228,0,0.011808,9
12540,1,40832,56,19788655,585625,549,0,0.013224,9
12540,2,37152,44,20013773,329739,1251,0,0.012353,9
12540,3,33952,41,20033902,329978,1251,0,0.012457,9
12540,4,35836,42,19756559,334869,1251,0,0.009392,9
12540,5,38052,45,19597833,328401,1251,0,0.012651,9
12540,6,38028,44,19880181,327091,1251,0,0.013155,9
12540,7,41236,40,19453263,323399,1246,0,0.014436,9
12540,8,38596,43,19725660,326493,1251,0,0.014548,9
12540,9,37592,42,19720328,321799,1251,0,0.010608,9
12540,10,42164,48,19609825,330635,1251,0,0.011808,9
12600,1,40836,55,19822621,586767,802,0,0.013224,9
12600,2,5528,12,20102426,331091,,,,
12600,3,33980,41,20121608,330671,1264,0,0.012457,9
12600,4,35860,42,19845975,336581,1260,0,0.009392,9
12600,5,38056,43,19686477,330635,1264,0,0.012651,9
12600,6,38032,43,19969461,329775,1264,0,0.013155,9
12600,7,41252,40,19536942,323298,1264,0,0.014436,9
12600,8,38596,43,19814570,327625,1260,0,0.014548,9
12600,9,37592,42,19810023,323672,1260,0,0.010608,9
12600,10,42168,46,19697752,331972,1264,0,0.011808,9
12661,1,40864,55,19858553,588980,1064,0,0.013224,9
12661,2,32508,41,20319153,332673,1285,0,0.013802,9
12661,3,34248,43,20212041,332183,1281,0,0.012457,9
12661,4,36216,44,19936096,338446,1285,0,0.009392,9
12661,5,38076,45,19775926,331141,1285,0,0.012651,9
12661,6,38184,45,20058088,329786,1285,0,0.013155,9
12661,7,41344,41,19628202,325190,1281,0,0.014436,9
12661,8,38748,58,19905404,329969,1285,0,0.014548,9
12661,9,37648,44,19900560,326880,1285,0,0.010608,9
12661,10,42248,48,19785015,331875,1285,0,0.011808,9
12720,1,40864,54,19897322,589819,1289,0,0.013224,9
12720,2,32532,41,20406760,333263,1294,0,0.013802,9
12720,3,34628,43,20300377,333879,1294,0,0.012457,9
12720,4,36236,44,20025816,339737,1294,0,0.009809,9
12720,5,38076,45,19860355,330513,1294,0,0.012651,9
12720,6,38184,45,20146973,331382,1294,0,0.013155,9
12720,7,41348,41,19717521,327588,1294,0,0.014436,9
12720,8,38752,56,19997823,333075,1294,0,0.014548,9
12720,9,37652,43,19994653,330533,1294,0,0.010608,9
12720,10,42248,46,19870229,331188,1294,0,0.011808,9
12780,1,40864,53,19963769,565791,1295,0,0.013224,9
12780,2,32588,41,20502125,335010,1295,0,0.020125,9
12780,3,34628,43,20394761,335280,1295,0,0.012457,9
12780,4,36252,44,20119642,340879,1295,0,0.009809,9
12780,5,38080,45,19957308,333479,1295,0,0.012651,9
12780,6,38188,45,20242793,333776,1295,0,0.013155,9
12780,7,41352,41,19814231,330857,1295,0,0.014436,9
12780,8,38752,56,20089177,333641,1295,0,0.014548,9
12780,9,37652,42,20086354,331200,1295,0,0.010608,9
12780,10,42248,46,19962855,331877,1295,0,0.011808,9
12840,1,40864,53,20031893,539549,1303,0,0.013224,9
12840,2,33212,41,20599431,337223,1303,0,0.020125,9
12840,3,34632,43,20490136,336342,1303,0,0.012457,9
12840,4,36256,44,20216376,342827,1303,0,0.009809,9
12840,5,38080,45,20054869,335485,1303,0,0.012651,9
12840,6,38188,45,20338000,334148,1303,0,0.013155,9
12840,7,41352,41,19911231,332374,1308,0,0.014436,9
12840,8,38752,56,20186804,336012,1303,0,0.014548,9
12840,9,37656,42,20181443,332421,1303,0,0.010608,9
12840,10,42252,46,20060998,333589,1303,0,0.011808,9
12900,1,40864,53,20096982,514660,1309,0,0.013224,9
12900,2,33228,41,20692359,338967,1309,0,0.020125,9
12900,3,34640,43,20579814,336901,1309,0,0.012610,9
12900,4,36256,44,20307701,344173,1312,0,0.009809,9
12900,5,38084,45,20145335,335900,1309,0,0.012651,9
12900,6,38188,45,20429053,334865,1309,0,0.013155,9
12900,7,41352,41,20005224,335745,1309,0,0.014436,9
12900,8,38756,56,20278873,337723,1314,0,0.014548,9
12900,9,37656,42,20272971,333722,1314,0,0.010608,9
12900,10,42252,46,20154159,336056,1309,0,0.011808,9
12960,1,40864,53,20166400,489945,1312,0,0.013224,9
12960,2,33740,41,20784372,339006,1312,0,0.020125,9
12960,3,34668,43,20673715,338278,1312,0,0.012610,9
12960,4,36276,44,20401542,344683,1312,0,0.009809,9
12960,5,38092,45,20240224,337773,1312,0,0.012651,9
12960,6,38192,45,20522698,336192,1312,0,0.013155,9
12960,7,41352,41,20098808,337089,1316,0,0.014436,9
12960,8,38756,56,20373882,339042,1312,0,0.014548,9
12960,9,37656,42,20369736,336079,1312,0,0.010608,9
12960,10,42256,46,20249284,338628,1312,0,0.011808,9
13020,1,40864,50,20230149,465229,1317,0,0.013224,9
13020,2,33968,41,20874381,339833,1317,0,0.020125,9
13020,3,34680,43,20765108,339887,1317,0,0.012610,9
13020,4,36284,44,20494487,346726,1317,0,0.009891,9
13020,5,38100,45,20335715,341793,1317,0,0.012651,9
13020,6,38192,45,20613978,337381,1317,0,0.013155,9
13020,7,41356,40,20190464,338116,1317,0,0.014436,9
13020,8,38756,55,20465173,339551,1315,0,0.014548,9
13020,9,37656,42,20460082,335827,1315,0,0.010608,9
13020,10,42260,45,20341992,340957,1317,0,0.011808,9
13080,1,40864,50,20296505,438976,1324,0,0.013224,9
13080,2,33976,41,20967559,339642,1320,0,0.020125,9
13080,3,34712,43,20859864,341055,1324,0,0.012610,9
13080,4,36296,44,20590438,348798,1324,0,0.009891,9
13080,5,38100,45,20432604,343941,1324,0,0.012651,9
13080,6,38192,45,20708877,338384,1324,0,0.013155,9
13080,7,41360,40,20284348,337954,1324,0,0.014436,9
13080,8,38760,55,20560031,341685,1324,0,0.014548,9
13080,9,37660,42,20556312,338607,1324,0,0.010608,9
13080,10,42260,46,20438762,343284,1324,0,0.011808,9
13140,1,40864,50,20363894,412910,1308,0,0.013224,9
13140,2,34020,41,21064670,342445,1313,0,0.020125,9
13140,3,34728,43,20956232,342559,1308,0,0.012610,9
13140,4,36296,44,20687515,350597,1308,0,0.009891,9
13140,5,38100,45,20527547,344212,1308,0,0.012651,9
13140,6,38192,45,20805049,339811,1308,0,0.013155,9
13140,7,41360,40,20382923,340476,1308,0,0.014436,9
13140,8,38760,55,20656905,342902,1308,0,0.014548,9
13140,9,37660,42,20651178,339467,1308,0,0.010608,9
13140,10,42264,45,20534329,344496,1308,0,0.011808,9
13200,1,40864,50,20431414,389118,1306,0,0.013519,9
13200,2,34052,41,21163197,345751,1301,0,0.020125,9
13200,3,34728,43,21050701,344513,1306,0,0.012610,8
13200,4,36300,44,20779605,350848,1301,0,0.009891,9
13200,5,5528,12,20617264,343893,,,,
13200,6,38196,45,20898919,341239,1306,0,0.013155,8
13200,7,41360,40,20479893,342975,1301,0,0.014436,9
13200,8,38764,54,20752590,345032,1301,0,0.014548,9
13200,9,37660,42,20744624,340523,1301,0,0.010608,9
13200,10,42384,45,20628541,345440,1306,0,0.011808,8
13260,1,40872,49,20499040,363528,1310,0,0.013519,9
13260,2,34164,41,21259201,349163,1315,0,0.020125,9
13260,3,34808,43,21143083,345162,1310,0,0.012610,9
13260,4,36328,44,20871337,350944,1310,0,0.010156,9
13260,5,32216,41,20855038,348118,1310,0,0.011835,9
13260,6,38244,45,20995162,343979,1310,0,0.013155,9
13260,7,41380,40,20571015,342578,1310,0,0.014436,9
13260,8,38860,53,20843934,344968,1310,0,0.014548,9
13260,9,37664,42,20837289,340537,1310,0,0.010608,9
13260,10,42388,44,20727291,349461,1310,0,0.011808,9
13320,1,40872,49,20566540,341496,1308,0,0.013519,9
13320,2,34552,41,21350194,349655,1306,0,0.020125,9
13320,3,34812,43,21235917,347003,1306,0,0.012610,9
13320,4,36328,43,20963962,352189,1306,0,0.010156,9
13320,5,32284,41,20949077,350639,1308,0,0.011835,9
13320,6,38248,45,21085892,344651,1308,0,0.013155,9
13320,7,41380,40,20661532,343282,1306,0,0.014436,9
13320,8,38860,52,20935253,346030,1306,0,0.014548,9
13320,9,37664,42,20933254,344407,1306,0,0.011060,9
13320,10,42388,44,20817872,350073,1309,0,0.011808,9
13380,1,40872,49,20664896,344267,1298,0,0.013519,9
13380,2,34568,41,21445384,351502,1303,0,0.020125,9
13380,3,34816,43,21331854,348610,1298,0,0.012610,9
13380,4,36332,43,21061564,354427,1298,0,0.010156,9
13380,5,32392,41,21044439,351065,1298,0,0.011835,9
13380,6,38248,45,21179208,344532,1298,0,0.013155,9
13380,7,41384,40,20758079,345286,1298,0,0.014436,9
13380,8,38860,52,21032654,348241,1298,0,0.014548,9
13380,9,37668,42,21028777,345055,1298,0,0.011060,9
13380,10,42388,44,20913991,351551,1298,0,0.011808,9
13440,1,40872,49,20757735,346933,1306,0,0.013519,9
13440,2,34588,41,21539960,353025,1301,0,0.022122,9
13440,3,35600,43,21427832,351635,1301,0,0.012610,9
13440,4,36332,43,21149690,353763,1306,0,0.010156,9
13440,5,33024,41,21139011,354037,1306,0,0.011835,9
13440,6,38248,45,21271463,345597,1303,0,0.013155,9
13440,7,41384,40,20846454,343619,1301,0,0.014436,9
13440,8,38864,52,21123847,348988,1306,0,0.014548,9
13440,9,37668,42,21122180,348083,1306,0,0.011060,9
13440,10,42392,44,21008000,353454,1304,0,0.011808,9
13500,1,40872,48,20853211,348866,1309,0,0.013519,9
13500,2,34592,41,21630799,352948,1313,0,0.022122,9
13500,3,35608,43,21520246,352467,1309,0,0.012610,9
13500,4,36332,42,21245317,356213,1309,0,0.010156,9
13500,5,33064,41,21235197,357090,1309,0,0.011835,9
13500,6,38248,45,21365783,347574,1309,0,0.013155,9
13500,7,41384,40,20936675,343392,1313,0,0.014436,9
13500,8,38864,52,21219545,350908,1309,0,0.014548,9
13500,9,37844,42,21219685,351160,1309,0,0.011060,9
13500,10,42392,44,21099891,353717,1309,0,0.011808,9
13560,1,40872,50,20949203,350686,1300,0,0.013519,9
13560,2,35168,59,21725147,352102,1297,0,0.022122,9
13560,3,35688,45,21618102,355328,1300,0,0.012610,9
13560,4,36516,44,21344525,359976,1300,0,0.010156,9
13560,5,33756,43,21330327,356954,1300,0,0.011835,9
13560,6,38252,47,21464255,349987,1300,0,0.013155,9
13560,7,41416,42,21032473,344466,1302,0,0.014436,9
13560,8,38876,54,21314043,352212,1300,0,0.014548,9
13560,9,37884,44,21316733,353219,1300,0,0.011060,9
13560,10,42436,46,21195284,354479,1300,0,0.011808,9
13620,1,40872,49,21044523,353601,1306,0,0.013519,9
13620,2,35176,59,21816893,354215,1311,0,0.022122,9
13620,3,35688,44,21707291,355086,1311,0,0.012610,9
13620,4,36520,44,21437791,361971,1311,0,0.010156,9
13620,5,33928,43,21423116,357847,1306,0,0.011835,9
13620,6,38252,47,21558940,352773,1309,0,0.013155,9
13620,7,41416,42,21124241,346505,1311,0,0.014436,9
13620,8,38888,53,21407819,354265,1310,0,0.014714,9
13620,9,37884,44,21406067,352528,1311,0,0.011060,9
13620,10,42436,45,21287412,355935,1308,0,0.011808,9
13680,1,40872,49,21135765,353852,1311,0,0.013519,9
13680,2,35176,59,21912161,356638,1311,0,0.022122,9
13680,3,35688,43,21798986,355103,1311,0,0.012610,9
13680,4,38092,44,21531294,362524,1315,0,0.010156,9
13680,5,33944,43,21515491,358779,1311,0,0.011835,9
13680,6,38256,47,21655252,356041,1311,0,0.013155,9
13680,7,41416,42,21218243,347809,1311,0,0.014436,9
13680,8,38888,52,21499206,354485,1311,0,0.014822,9
13680,9,37884,44,21502522,355237,1312,0,0.011060,9
13680,10,42440,45,21384752,359432,1311,0,0.011808,9
13740,1,40872,48,21228571,353867,1316,0,0.013519,9
13740,2,35180,59,22006184,357329,1319,0,0.022122,9
13740,3,35688,43,21892875,355474,1319,0,0.012610,9
13740,4,38096,44,21628854,365819,1316,0,0.010156,9
13740,5,33968,43,21611283,360065,1316,0,0.011835,9
13740,6,38260,46,21753398,359015,1316,0,0.013155,9
13740,7,41416,42,21313478,350058,1319,0,0.014436,9
13740,8,41748,51,21595919,356779,1316,0,0.014822,9
13740,9,37888,44,21598362,356818,1316,0,0.011060,9
13740,10,42440,44,21478336,359779,1316,0,0.011808,9
13800,1,40872,47,21325371,356852,1314,0,0.013519,9
13800,2,35180,59,22102500,359128,1310,0,0.022122,9
13800,3,35692,43,21990412,358392,1315,0,0.012610,8
13800,4,38096,43,21722318,367167,1314,0,0.010156,9
13800,5,33980,43,21703784,360768,1314,0,0.011835,9
13800,6,5528,12,21845856,359684,,,,
13800,7,41420,42,21410300,352556,1310,0,0.014436,9
13800,8,41748,49,21686679,356274,1314,0,0.014822,9
13800,9,37892,44,21690074,356694,1314,0,0.011974,9
13800,10,42444,44,21575644,362623,1315,0,0.011808,8
13860,1,40872,46,21424205,360471,1324,0,0.013519,9
13860,2,35208,57,22200153,363618,1329,0,0.022122,9
13860,3,35744,43,22085999,360390,1324,0,0.013250,9
13860,4,38184,43,21816970,368220,1329,0,0.010156,9
13860,5,34172,43,21795147,360162,1324,0,0.012222,9
13860,6,32268,41,22073878,359016,1324,0,0.008066,9
13860,7,41452,42,21504411,354534,1324,0,0.014436,9
13860,8,41804,49,21781293,358179,1324,0,0.014822,9
13860,9,37952,44,21785842,358593,1329,0,0.011974,9
13860,10,42444,44,21666385,362055,1324,0,0.011808,9
13920,1,40872,46,21516570,360019,1332,0,0.013519,9
13920,2,35208,57,22296574,364371,1328,0,0.022122,9
13920,3,35764,43,22182694,363107,1332,0,0.013250,9
13920,4,38192,43,21913095,369225,1328,0,0.010704,9
13920,5,34564,43,21889812,361114,1332,0,0.012970,9
13920,6,32300,41,22170798,360429,1328,0,0.009661,9
13920,7,41452,42,21600890,356274,1333,0,0.014436,9
13920,8,41804,48,21875852,358609,1328,0,0.018459,9
13920,9,37956,43,21886603,362523,1328,0,0.011974,9
13920,10,42444,44,21762424,363756,1332,0,0.011808,9
13980,1,40872,46,21609555,360643,1340,0,0.013519,9
13980,2,35212,57,22391322,366085,1340,0,0.022122,9
13980,3,35780,43,22278999,365643,1340,0,0.015111,9
13980,4,38192,43,22006097,370154,1340,0,0.010704,9
13980,5,34564,43,21984474,362627,1340,0,0.013113,9
13980,6,32980,41,22264617,361694,1340,0,0.009837,9
13980,7,41452,42,21693732,357151,1340,0,0.014436,9
13980,8,41804,47,21970802,360797,1343,0,0.018459,9
13980,9,37964,42,21983507,365478,1342,0,0.011974,9
13980,10,42444,43,21856324,364149,1340,0,0.011808,9
14040,1,40872,46,21707862,363907,1338,0,0.013519,9
14040,2,35212,56,22486458,367021,1338,0,0.022122,9
14040,3,35784,43,22376951,368172,1338,0,0.015111,9
14040,4,38192,43,22104227,372458,1338,0,0.010704,9
14040,5,34564,43,22080287,363580,1338,0,0.013113,9
14040,6,33060,41,22363511,364023,1338,0,0.009837,9
14040,7,41452,42,21787397,357380,1338,0,0.014436,9
14040,8,41808,47,22067182,362058,1338,0,0.018459,9
14040,9,37964,42,22075554,364685,1338,0,0.011974,9
14040,10,42448,43,21953928,366526,1338,0,0.011808,9
14100,1,40872,46,21799637,364199,1333,0,0.013519,9
14100,2,36008,55,22578457,367997,1333,0,0.022122,9
14100,3,35788,43,22473572,370641,1332,0,0.015111,9
14100,4,38196,43,22196506,373208,1333,0,0.010886,9
14100,5,34580,43,22173845,365901,1333,0,0.013113,9
14100,6,33112,41,22457156,365896,1333,0,0.009837,9
14100,7,41452,41,21879780,358417,1333,0,0.014436,9
14100,8,41808,46,22161278,364581,1333,0,0.018459,9
14100,9,37964,41,22167007,365281,1333,0,0.011974,9
14100,10,42448,43,22048623,367945,1332,0,0.011808,9
14160,1,40872,45,21894200,364232,1323,0,0.013519,9
14160,2,36012,55,22672939,367973,1323,0,0.022122,9
14160,3,35788,43,22565537,370004,1323,0,0.015111,9
14160,4,38196,43,22294373,374969,1322,0,0.010886,9
14160,5,34584,43,22269419,367594,1323,0,0.013113,9
14160,6,33996,41,22555697,368714,1323,0,0.009837,9
14160,7,41452,41,21977197,360841,1323,0,0.014436,9
14160,8,41812,45,22257779,366322,1323,0,0.018459,9
14160,9,37964,41,22263663,366365,1318,0,0.011974,9
14160,10,42452,43,22144650,370433,1323,0,0.011808,9
14220,1,40872,45,21994951,368091,1318,0,0.013519,9
14220,2,36024,55,22770421,370161,1318,0,0.022122,9
14220,3,35788,43,22665011,372446,1317,0,0.015111,9
14220,4,38196,43,22387835,375219,1318,0,0.010886,9
14220,5,34584,43,22364854,368340,1318,0,0.013113,9
14220,6,34044,41,22651707,369672,1318,0,0.009837,9
14220,7,41456,41,22073921,361771,1313,0,0.014436,9
14220,8,41812,45,22353787,367733,1318,0,0.018459,9
14220,9,37964,41,22359826,367186,1318,0,0.011974,9
14220,10,42452,43,22242289,371772,1317,0,0.011808,9
14280,1,40872,45,22090660,370203,1305,0,0.013519,9
14280,2,36028,55,22867986,372657,1305,0,0.022122,9
14280,3,35792,43,22759326,373738,1305,0,0.015423,9
14280,4,38196,43,22484323,377091,1302,0,0.010886,9
14280,5,34592,43,22460362,369715,1305,0,0.013113,9
14280,6,34096,41,22746130,370471,1305,0,0.009837,9
14280,7,41456,41,22168497,363409,1305,0,0.014436,9
14280,8,41816,45,22450956,369261,1302,0,0.018459,9
14280,9,37964,41,22454149,367040,1302,0,0.011974,9
14280,10,42456,43,22336284,372888,1305,0,0.011808,9
14340,1,40872,45,22187103,371154,1313,0,0.013519,9
14340,2,36032,52,22966261,374579,1308,0,0.022122,9
14340,3,35792,42,22859577,376205,1313,0,0.015423,9
14340,4,38196,43,22576068,375961,1313,0,0.010886,9
14340,5,34600,42,22559874,372838,1313,0,0.013113,9
14340,6,34152,41,22840186,370210,1313,0,0.009837,9
14340,7,41456,41,22266559,365758,1308,0,0.014436,9
14340,8,41816,45,22545259,370062,1313,0,0.018459,9
14340,9,37968,41,22552569,370700,1313,0,0.011974,9
14340,10,42456,43,22432884,373734,1313,0,0.011808,9
14400,1,40872,45,22280510,372816,1323,0,0.013519,9
14400,2,36036,52,23053679,374449,1328,0,0.022122,9
14400,3,5520,12,22951281,377040,,,,
14400,4,38200,43,22667815,377057,1328,0,0.010886,8
14400,5,34644,42,22654134,375098,1323,0,0.017012,9
14400,6,34232,41,22932334,371318,1323,0,0.010066,9
14400,7,41456,40,22356706,366773,1328,0,0.014436,9
14400,8,41816,45,22640758,372822,1328,0,0.018459,9
14400,9,37972,41,22648531,374201,1328,0,0.011974,8
14400,10,42456,43,22524179,374682,1323,0,0.011808,9
14460,1,40872,47,22373314,373563,1326,0,0.013519,9
14460,2,36132,53,23150401,376113,1322,0,0.022122,9
14460,3,32256,41,23183241,379626,1322,0,0.010342,9
14460,4,38276,45,22761935,377956,1324,0,0.010886,9
14460,5,34808,44,22749761,377554,1326,0,0.017012,9
14460,6,34808,57,23026533,372217,1326,0,0.010286,9
14460,7,41456,42,22453489,368592,1326,0,0.014436,9
14460,8,41836,47,22734443,373935,1326,0,0.018459,9
14460,9,37976,43,22743982,376407,1326,0,0.011974,9
14460,10,42456,45,22618573,376106,1326,0,0.011808,9
14520,1,40872,47,22469581,374719,1328,0,0.013519,9
14520,2,36140,52,23245159,377402,1328,0,0.022122,9
14520,3,32284,41,23276415,380032,1328,0,0.010514,9
14520,4,38380,44,22860424,381317,1328,0,0.010886,9
14520,5,34808,44,22847738,380470,1328,0,0.017012,9
14520,6,34812,57,23120136,372416,1328,0,0.010286,9
14520,7,41456,42,22547630,369551,1333,0,0.014436,9
14520,8,41992,47,22830599,375939,1328,0,0.018459,9
14520,9,37980,43,22840940,378322,1328,0,0.011974,9
14520,10,42456,45,22714018,377344,1328,0,0.011808,9
14580,1,43564,47,22561269,375684,1336,0,0.013519,9
14580,2,36140,52,23339427,379049,1336,0,0.022122,9
14580,3,32380,41,23370372,381877,1336,0,0.011053,9
14580,4,38384,43,22952662,382750,1340,0,0.010886,9
14580,5,34816,44,22940854,381849,1336,0,0.017012,9
14580,6,35160,57,23213639,374103,1336,0,0.010286,9
14580,7,41460,42,22642609,372025,1336,0,0.014436,9
14580,8,42100,46,22922777,376740,1339,0,0.018459,9
14580,9,37980,43,22934251,379932,1339,0,0.011974,9
14580,10,42468,44,22805680,378211,1336,0,0.012066,9
14640,1,43564,47,22660826,379171,1314,0,0.013519,9
14640,2,36144,51,23436248,380945,1314,0,0.022122,9
14640,3,33040,41,23465550,382169,1314,0,0.011311,9
14640,4,38384,43,23047715,383953,1314,0,0.010886,9
14640,5,35564,44,23037838,383237,1314,0,0.017012,9
14640,6,35172,57,23309761,375794,1314,0,0.010286,9
14640,7,41460,42,22738015,373999,1319,0,0.014436,9
14640,8,42104,46,23016799,377152,1314,0,0.018459,9
14640,9,37980,43,23030462,381431,1314,0,0.012582,9
14640,10,42468,44,22899992,378673,1314,0,0.012066,9
14700,1,43564,47,22758109,382484,1311,0,0.013519,9
14700,2,36148,49,23530419,382957,1307,0,0.022122,9
14700,3,33060,41,23559344,383069,1307,0,0.013354,9
14700,4,38388,43,23143002,386085,1307,0,0.010886,9
14700,5,35564,44,23131255,384425,1311,0,0.017012,9
14700,6,35184,57,23402208,376709,1311,0,0.010286,9
14700,7,41460,41,22834987,376179,1307,0,0.014436,9
14700,8,42104,46,23111276,378208,1307,0,0.018459,9
14700,9,37980,43,23121216,380243,1307,0,0.012582,9
14700,10,42468,43,22995980,381070,1307,0,0.012066,9
14760,1,43564,47,22858151,385817,1313,0,0.013519,9
14760,2,36148,49,23626941,384978,1315,0,0.022122,9
14760,3,33856,41,23653526,384181,1316,0,0.013766,9
14760,4,38388,43,23239095,387876,1313,0,0.010886,9
14760,5,35564,44,23225807,384858,1313,0,0.017012,9
14760,6,35192,57,23499724,378605,1313,0,0.010432,9
14760,7,41492,41,22928519,376401,1313,0,0.014436,9
14760,8,42104,46,23207265,380002,1313,0,0.018459,9
14760,9,37984,43,23215394,380509,1313,0,0.012582,9
14760,10,42472,43,23092165,382864,1313,0,0.012883,9
14820,1,43564,47,22956152,388048,1314,0,0.013519,9
14820,2,36152,49,23725071,387185,1314,0,0.022122,9
14820,3,34352,41,23751199,385919,1314,0,0.013766,9
14820,4,38388,43,23336183,389304,1314,0,0.010886,9
14820,5,35976,44,23320461,385137,1314,0,0.017012,9
14820,6,35204,57,23598712,381916,1314,0,0.010432,9
14820,7,41492,41,23023618,376895,1314,0,0.014436,9
14820,8,42104,46,23303032,381116,1314,0,0.018459,9
14820,9,37984,43,23310384,381197,1314,0,0.012582,9
14820,10,42676,43,23187492,383882,1314,0,0.012883,9
14880,1,43964,47,23048672,388904,1305,0,0.013519,9
14880,2,36152,49,23818284,387697,1305,0,0.022122,9
14880,3,34392,41,23845180,386959,1305,0,0.013766,9
14880,4,38388,42,23428682,389556,1306,0,0.010886,9
14880,5,35988,44,23413593,386147,1305,0,0.017012,9
14880,6,35208,56,23692341,383527,1305,0,0.011011,9
14880,7,41492,41,23119569,379667,1305,0,0.014436,9
14880,8,42108,46,23399100,383544,1305,0,0.018459,9
14880,9,37984,43,23405470,382490,1306,0,0.012582,9
14880,10,42688,43,23283373,386450,1305,0,0.012883,9
14940,1,43964,45,23137627,388011,1318,0,0.013519,9
14940,2,36152,49,23911273,389674,1318,0,0.022122,9
14940,3,34412,41,23937778,388609,1318,0,0.013766,9
14940,4,38388,42,23523332,393242,1318,0,0.010886,9
14940,5,36008,44,23510249,389547,1318,0,0.017012,9
14940,6,35588,55,23783644,384778,1318,0,0.011011,9
14940,7,41496,40,23208601,379051,1314,0,0.014436,9
14940,8,42208,46,23490550,385522,1318,0,0.018459,9
14940,9,38256,43,23494145,382467,1318,0,0.012582,9
14940,10,42688,43,23377683,389072,1319,0,0.012883,9
15000,1,43964,45,23227948,387258,1312,0,0.013519,9
15000,2,36156,47,24005418,392304,1316,0,0.022122,9
15000,3,34420,41,24030234,390159,1316,0,0.013766,8
15000,4,38388,42,23614407,393578,1312,0,0.010886,9
15000,5,36088,44,23602485,390340,1312,0,0.017012,9
15000,6,35592,54,23876598,386319,1312,0,0.011011,9
15000,7,41496,40,23298139,379441,1316,0,0.014436,9
15000,8,5524,12,23585741,387943,,,,
15000,9,38260,43,23589052,385516,1312,0,0.012582,9
15000,10,42692,43,23470816,391051,1316,0,0.012883,9
15060,1,43964,44,23318539,385774,1312,0,0.013519,9
15060,2,36216,46,24106538,396046,1307,0,0.022122,9
15060,3,34492,41,24127793,392202,1307,0,0.013766,9
15060,4,38452,42,23708866,394687,1312,0,0.011334,9
15060,5,36220,44,23698994,392602,1312,0,0.017012,9
15060,6,35852,52,23968047,385669,1312,0,0.011011,9
15060,7,41496,40,23398460,382828,1311,0,0.014436,9
15060,8,32136,40,23820462,389771,1307,0,0.013370,9
15060,9,38260,43,23682801,386433,1312,0,0.012582,9
15060,10,42892,42,23567517,392522,1311,0,0.012883,9
15120,1,43964,44,23413600,386812,1304,0,0.013519,9
15120,2,36216,46,24197103,395866,1308,0,0.022122,9
15120,3,34928,41,24220215,393395,1308,0,0.013766,9
15120,4,38452,42,23801042,394132,1304,0,0.011334,9
15120,5,36228,44,23791771,393152,1304,0,0.017012,9
15120,6,35856,52,24064458,387515,1304,0,0.011154,9
15120,7,42324,40,23491564,384172,1304,0,0.014436,9
15120,8,32216,40,23915598,392721,1308,0,0.013370,9
15120,9,38260,43,23780730,389475,1304,0,0.012783,9
15120,10,42924,42,23663005,395017,1304,0,0.012883,9
15180,1,43964,44,23505913,388609,1315,0,0.013519,9
15180,2,36216,46,24290812,396916,1311,0,0.022122,9
15180,3,34940,41,24315586,395579,1311,0,0.013766,9
15180,4,38452,42,23896762,397246,1311,0,0.011334,9
15180,5,36240,44,23884791,395099,1315,0,0.017012,9
15180,6,35884,52,24158798,390030,1315,0,0.011228,9
15180,7,42324,40,23581059,382713,1315,0,0.014436,9
15180,8,32268,40,24008963,393382,1311,0,0.013370,9
15180,9,38260,43,23875241,391746,1311,0,0.012783,9
15180,10,42924,42,23753818,395134,1315,0,0.012883,9
15240,1,43964,44,23597336,389796,1298,0,0.013519,9
15240,2,36220,46,24381391,397830,1302,0,0.022122,9
15240,3,34960,41,24407171,397501,1302,0,0.013766,9
15240,4,38452,42,23987283,397616,1303,0,0.011334,9
15240,5,36240,44,23976646,395117,1298,0,0.017012,9
15240,6,36664,52,24252292,392078,1298,0,0.011877,9
15240,7,42324,40,23673050,385412,1302,0,0.014436,9
15240,8,32904,40,24099972,395022,1302,0,0.013370,9
15240,9,38264,43,23968398,394147,1303,0,0.012783,9
15240,10,42924,42,23845540,395887,1298,0,0.012883,9
15300,1,43964,43,23686888,390527,1307,0,0.013519,9
15300,2,36428,45,24473728,398419,1302,0,0.022122,9
15300,3,34968,41,24500627,398907,1302,0,0.013766,9
15300,4,38456,42,24082686,401734,1307,0,0.012616,9
15300,5,36260,44,24071318,398301,1307,0,0.017012,9
15300,6,36672,51,24345038,394301,1307,0,0.012024,9
15300,7,42324,39,23763209,385373,1302,0,0.014436,9
15300,8,32964,40,24192715,395595,1302,0,0.013370,9
15300,9,38264,43,24059684,395493,1307,0,0.012783,9
15300,10,42924,42,23937615,396376,1306,0,0.012883,9
15360,1,43964,45,23781047,393070,1299,0,0.013519,9
15360,2,36440,47,24562374,397718,1304,0,0.022122,9
15360,3,35084,43,24592987,400436,1304,0,0.013766,9
15360,4,38460,44,24175744,402986,1299,0,0.012616,9
15360,5,36412,45,24166491,400726,1299,0,0.017012,9
15360,6,36736,53,24439898,396899,1299,0,0.012024,9
15360,7,42328,40,23851920,384503,1299,0,0.014436,9
15360,8,34248,56,24283483,396274,1304,0,0.013370,9
15360,9,38268,45,24154925,398166,1299,0,0.012783,9
15360,10,42952,44,24032392,399257,1299,0,0.012883,9
15420,1,43964,45,23871478,393445,1310,0,0.013519,9
15420,2,36588,47,24655167,398706,1306,0,0.022122,9
15420,3,35088,43,24690170,404158,1306,0,0.014163,9
15420,4,38464,44,24269544,406173,1310,0,0.012616,9
15420,5,36416,44,24260387,403292,1310,0,0.017012,9
15420,6,36740,51,24532253,398325,1310,0,0.012024,9
15420,7,42328,40,23945189,386580,1306,0,0.014436,9
15420,8,34540,56,24375860,396355,1306,0,0.013370,9
15420,9,38268,45,24244326,397757,1310,0,0.012783,9
15420,10,42952,43,24123386,399614,1306,0,0.012883,9
15480,1,43964,45,23968147,396220,1303,0,0.013519,9
15480,2,37836,47,24751786,401898,1308,0,0.022122,9
15480,3,35088,43,24782865,404993,1303,0,0.014163,9
15480,4,38464,44,24363008,406695,1303,0,0.012616,9
15480,5,36416,44,24351410,403325,1303,0,0.017012,9
15480,6,36740,51,24627108,399562,1303,0,0.012024,9
15480,7,42328,40,24037980,388004,1303,0,0.014436,9
15480,8,34556,56,24468622,397552,1308,0,0.013370,9
15480,9,38268,45,24341552,400347,1303,0,0.012802,9
15480,10,42952,43,24216191,400834,1303,0,0.012883,9
15540,1,43964,45,24053415,396498,1318,0,0.013519,9
15540,2,37840,47,24842963,404476,1313,0,0.022122,9
15540,3,35092,43,24871684,405861,1313,0,0.014163,9
15540,4,38468,44,24454469,409660,1313,0,0.012616,9
15540,5,36416,44,24439652,404427,1318,0,0.017012,9
15540,6,36740,51,24712840,399706,1318,0,0.012260,9
15540,7,42328,40,24125050,388534,1313,0,0.014436,9
15540,8,34572,56,24558440,399355,1313,0,0.013370,9
15540,9,38272,45,24433616,403283,1313,0,0.012802,9
15540,10,42956,43,24305359,402537,1313,0,0.013300,9
15600,1,43964,44,24149327,399148,1313,0,0.013519,9
15600,2,37844,45,24937164,406786,1317,0,0.022122,9
15600,3,35096,43,24964466,407243,1317,0,0.014163,9
15600,4,38468,44,24548499,410643,1318,0,0.012616,9
15600,5,36416,43,24531459,403806,1313,0,0.017012,9
15600,6,36740,51,24807615,401136,1313,0,0.012260,9
15600,7,42328,40,24219435,391235,1313,0,0.014436,9
15600,8,34604,56,24651741,401174,1317,0,0.013370,9
15600,9,5528,12,24528260,405574,,,,
15600,10,42956,43,24396790,402822,1313,0,0.013300,9
15660,1,43964,44,24243088,401277,1317,0,0.013519,9
15660,2,37928,44,25031840,408378,1312,0,0.022122,9
15660,3,35240,43,25060001,409171,1312,0,0.014163,9
15660,4,38480,44,24639272,411140,1317,0,0.012616,9
15660,5,36440,43,24625128,405272,1317,0,0.017012,9
15660,6,36760,49,24899946,402229,1317,0,0.012260,9
15660,7,42328,40,24313863,393600,1317,0,0.014436,9
15660,8,34760,54,24745401,402212,1312,0,0.013370,9
15660,9,32116,40,24758549,407592,1312,0,0.012002,9
15660,10,42972,43,24488762,403778,1317,0,0.013300,9
15720,1,43964,44,24338844,402996,1313,0,0.015399,9
15720,2,37928,44,25124987,409885,1317,0,0.022122,9
15720,3,35244,43,25154696,410525,1317,0,0.014163,9
15720,4,38484,44,24731760,410680,1314,0,0.012616,9
15720,5,36444,43,24721011,406830,1313,0,0.017012,9
15720,6,36808,49,24995573,403632,1313,0,0.012656,9
15720,7,42328,40,24407363,394873,1317,0,0.014436,9
15720,8,34760,54,24839204,403796,1317,0,0.013370,9
15720,9,32312,40,24854173,410352,1317,0,0.012103,9
15720,10,42976,43,24583766,405632,1317,0,0.013300,9
15780,1,43964,44,24432560,404165,1332,0,0.015399,9
15780,2,37932,44,25221216,411081,1327,0,0.022122,9
15780,3,35256,43,25247626,411133,1332,0,0.014163,9
15780,4,38484,44,24825522,412446,1332,0,0.012616,9
15780,5,36444,43,24814878,408651,1332,0,0.017012,9
15780,6,36824,48,25087802,404154,1332,0,0.012656,9
15780,7,42328,40,24508883,400126,1328,0,0.014436,9
15780,8,34768,54,24934023,404962,1327,0,0.013370,9
15780,9,32628,40,24946375,409969,1332,0,0.012103,9
15780,10,42976,42,24680868,408340,1330,0,0.013300,9
15840,1,43964,44,24525336,406782,1320,0,0.015399,9
15840,2,37932,44,25310636,411794,1324,0,0.022122,9
15840,3,36052,43,25337791,412166,1324,0,0.014163,9
15840,4,38484,44,24917130,413342,1324,0,0.012616,9
15840,5,36444,43,24907127,410018,1320,0,0.017012,9
15840,6,36828,48,25180415,406431,1320,0,0.012656,9
15840,7,42328,40,24598852,401984,1324,0,0.014436,9
15840,8,34776,54,25023828,406331,1324,0,0.013370,9
15840,9,33220,40,25033586,408790,1324,0,0.012163,9
15840,10,42980,42,24773767,411430,1324,0,0.013300,9
15900,1,43964,44,24620483,409222,1329,0,0.015399,9
15900,2,37932,44,25406676,413249,1324,0,0.022122,9
15900,3,36088,43,25432745,412971,1324,0,0.014163,9
15900,4,38488,44,25012434,414719,1324,0,0.012616,9
15900,5,36448,43,25001054,412046,1329,0,0.017012,9
15900,6,36836,48,25275595,408689,1329,0,0.012656,9
15900,7,42540,39,24692577,402815,1329,0,0.014436,9
15900,8,34780,52,25121116,408588,1328,0,0.013370,9
15900,9,33376,40,25127456,408889,1324,0,0.012163,9
15900,10,42980,42,24867235,412787,1329,0,0.013300,9
15960,1,43964,44,24712351,409665,1336,0,0.015399,9
15960,2,37936,44,25502260,416259,1336,0,0.022122,9
15960,3,36092,43,25527136,415095,1336,0,0.014163,9
15960,4,38488,43,25105288,417108,1336,0,0.013084,9
15960,5,36456,43,25092536,412093,1336,0,0.017012,9
15960,6,36868,48,25371056,411595,1336,0,0.012656,9
15960,7,42540,39,24787560,404919,1332,0,0.014436,9
15960,8,34816,52,25214324,410591,1336,0,0.013370,9
15960,9,34164,40,25217306,408713,1336,0,0.012163,9
15960,10,42980,42,24959803,413094,1333,0,0.013300,9
16020,1,43964,44,24805521,409868,1329,0,0.015399,9
16020,2,37940,44,25599243,418623,1329,0,0.022122,9
16020,3,36092,43,25624218,416572,1327,0,0.014163,9
16020,4,38492,43,25203585,420175,1328,0,0.013553,9
16020,5,36472,43,25186805,412535,1329,0,0.017012,9
16020,6,36876,48,25465853,412190,1329,0,0.012656,9
16020,7,42540,39,24886391,408529,1329,0,0.014436,9
16020,8,34820,52,25309173,411661,1329,0,0.013370,9
16020,9,34332,40,25316027,410672,1327,0,0.012163,9
16020,10,42980,42,25051765,413056,1329,0,0.013300,9
16081,1,43964,44,24903703,411943,1310,0,0.015399,9
16081,2,37940,44,25696168,419945,1310,0,0.022122,9
16081,3,36096,43,25720543,418699,1310,0,0.014163,9
16081,4,38496,43,25302555,422746,1310,0,0.013553,9
16081,5,38012,43,25284345,414530,1310,0,0.017012,9
16081,6,36880,48,25563571,414555,1310,0,0.012656,9
16081,7,42544,39,24981583,407968,1309,0,0.014436,9
16081,8,34820,52,25403125,411847,1310,0,0.013370,9
16081,9,34368,40,25409383,411212,1310,0,0.012575,9
16081,10,43564,42,25150337,414868,1311,0,0.013300,9
16140,1,43964,44,24994196,413369,1319,0,0.015399,9
16140,2,37940,44,25786324,421244,1319,0,0.022122,9
16140,3,36112,42,25813816,421968,1319,0,0.015990,9
16140,4,38496,43,25391119,422826,1320,0,0.013553,9
16140,5,38020,43,25374441,415824,1319,0,0.017012,9
16140,6,36884,47,25651877,414947,1319,0,0.012656,9
16140,7,42544,39,25072095,409664,1319,0,0.014436,9
16140,8,34832,50,25496912,414775,1319,0,0.013370,9
16140,9,34428,40,25500343,413138,1319,0,0.012575,9
16140,10,43564,42,25239538,415479,1319,0,0.013300,9
16200,1,43964,44,25086636,413468,1315,0,0.015399,9
16200,2,37940,44,25880359,422411,1315,0,0.022122,9
16200,3,5528,12,25908912,424021,,,,
16200,4,38496,43,25482598,423139,1315,0,0.013553,9
16200,5,38020,43,25467338,416607,1315,0,0.017012,9
16200,6,36892,47,25744815,415409,1315,0,0.012656,9
16200,7,42544,39,25167660,411796,1312,0,0.014436,9
16200,8,34844,49,25593698,416881,1312,0,0.013370,9
16200,9,34476,40,25596791,416172,1315,0,0.013640,9
16200,10,43568,41,25336309,418336,1317,0,0.013300,8
16260,1,43964,46,25184737,415701,1307,0,0.015399,9
16260,2,38060,46,25979345,425199,1312,0,0.022122,9
16260,3,32308,41,26135001,423546,1307,0,0.014018,9
16260,4,38520,45,25578869,424671,1312,0,0.013553,9
16260,5,38176,45,25564344,418476,1307,0,0.017012,9
16260,6,37012,48,25840305,415686,1307,0,0.012656,9
16260,7,42544,40,25261910,412645,1312,0,0.014436,9
16260,8,34920,49,25689562,418908,1312,0,0.013370,9
16260,9,34792,42,25693358,418438,1312,0,0.013640,9
16260,10,43616,56,25431101,418836,1307,0,0.013300,9
16320,1,43964,46,25277382,417138,1320,0,0.015399,9
16320,2,38064,46,26074244,426055,1316,0,0.022122,9
16320,3,32312,41,26230411,425804,1320,0,0.014018,9
16320,4,38520,45,25673098,425395,1320,0,0.013553,9
16320,5,38176,45,25659678,421104,1320,0,0.017012,9
16320,6,37012,47,25933469,417060,1320,0,0.012656,9
16320,7,42544,39,25355965,412503,1321,0,0.014436,9
16320,8,34920,49,25788085,421865,1316,0,0.013370,9
16320,9,35172,42,25789742,419917,1316,0,0.013640,9
16320,10,43616,56,25525261,421137,1320,0,0.013300,9
16380,1,43964,45,25368574,417365,1322,0,0.015399,9
16380,2,38068,46,26164738,426989,1326,0,0.022122,9
16380,3,32464,41,26323203,427155,1322,0,0.014018,9
16380,4,38520,45,25765223,426088,1327,0,0.013553,9
16380,5,38176,45,25749567,420957,1322,0,0.017012,9
16380,6,37016,47,26025811,418095,1322,0,0.012656,9
16380,7,42544,39,25448547,414393,1326,0,0.014436,9
16380,8,34944,48,25881331,425327,1326,0,0.013370,9
16380,9,35176,42,25882911,422993,1326,0,0.013640,9
16380,10,43620,56,25619289,422955,1322,0,0.013300,9
16440,1,43964,45,25464019,420059,1329,0,0.015399,9
16440,2,38068,45,26258995,427976,1324,0,0.022122,9
16440,3,33104,41,26416160,428090,1329,0,0.014018,9
16440,4,38524,45,25859010,427573,1324,0,0.013553,9
16440,5,38176,44,25842001,422023,1329,0,0.017012,9
16440,6,37016,46,26117632,419086,1329,0,0.013300,9
16440,7,42548,39,25544420,416363,1329,0,0.014436,9
16440,8,34956,47,25974198,424823,1324,0,0.013370,9
16440,9,35176,42,25979970,425597,1324,0,0.013649,9
16440,10,43620,56,25715666,425492,1329,0,0.013300,9
16500,1,43964,45,25559406,422294,1321,0,0.015399,9
16500,2,38068,45,26350263,429222,1326,0,0.022122,9
16500,3,33172,41,26510105,429073,1321,0,0.014018,9
16500,4,38524,45,25949935,428252,1326,0,0.013553,9
16500,5,38180,44,25936410,424101,1321,0,0.017012,9
16500,6,37016,46,26212399,421189,1321,0,0.013300,9
16500,7,42548,39,25634271,416754,1326,0,0.014436,9
16500,8,35748,47,26066420,426187,1326,0,0.013370,9
16500,9,35180,42,26071820,426561,1326,0,0.013649,9
16500,10,43624,56,25811962,428223,1321,0,0.013300,9
16560,1,43964,45,25653828,423823,1330,0,0.015399,9
16560,2,38068,45,26448330,430640,1325,0,0.022122,9
16560,3,34096,41,26604330,430838,1330,0,0.014018,9
16560,4,38524,45,26045594,429785,1325,0,0.013553,9
16560,5,38180,44,26029975,424855,1330,0,0.017012,9
16560,6,37020,46,26305595,422339,1330,0,0.013300,9
16560,7,42548,39,25732407,419042,1330,0,0.014436,9
16560,8,35776,47,26163848,427820,1325,0,0.013370,9
16560,9,35180,42,26168398,427903,1325,0,0.013649,9
16560,10,43624,56,25906469,429886,1330,0,0.013300,9
16620,1,43964,45,25749563,426259,1311,0,0.015399,9
16620,2,38072,45,26538946,431291,1316,0,0.022122,9
16620,3,34256,41,26698577,431662,1313,0,0.014018,9
16620,4,38528,45,26137098,430982,1316,0,0.013553,9
16620,5,38184,44,26124996,426434,1311,0,0.017012,9
16620,6,37024,46,26400089,423900,1311,0,0.013300,9
16620,7,42548,39,25827371,421018,1311,0,0.014436,9
16620,8,35776,47,26255834,428462,1316,0,0.013370,9
16620,9,35184,42,26260340,428985,1316,0,0.013649,9
16620,10,43628,56,26001306,432259,1311,0,0.013300,9
16680,1,43964,45,25844566,429349,1303,0,0.015399,9
16680,2,38072,45,26634986,433341,1298,0,0.022122,9
16680,3,34328,41,26791280,433138,1303,0,0.014018,9
16680,4,38528,45,26230614,431735,1298,0,0.013553,9
16680,5,38184,44,26220399,429625,1303,0,0.017012,9
16680,6,38504,46,26494082,426239,1303,0,0.013300,9
16680,7,42548,39,25918612,421743,1303,0,0.014436,9
16680,8,35796,47,26348998,428686,1301,0,0.013370,9
16680,9,35196,42,26352604,428902,1298,0,0.014227,9
16680,10,43628,56,26095050,434125,1303,0,0.013300,9
16740,1,43964,45,25939230,430594,1301,0,0.015399,9
16740,2,38080,45,26725807,433986,1306,0,0.022122,9
16740,3,34352,41,26885649,434531,1304,0,0.014018,9
16740,4,38528,45,26323762,434130,1306,0,0.013553,9
16740,5,38188,44,26314185,431315,1301,0,0.017012,9
16740,6,38508,46,26588814,428269,1301,0,0.013300,9
16740,7,42548,39,26011535,422417,1301,0,0.014436,9
16740,8,35812,47,26441705,430869,1306,0,0.013508,9
16740,9,35208,42,26447888,431980,1306,0,0.014227,9
16740,10,43628,56,26186600,433645,1301,0,0.013924,9
16800,1,43964,45,26031030,431263,1304,0,0.015399,9
16800,2,38080,45,26820568,436091,1304,0,0.022122,8
16800,3,34368,41,26978616,436088,1304,0,0.014018,9
16800,4,38532,45,26418614,435663,1299,0,0.013553,9
16800,5,38188,44,26408516,433656,1304,0,0.017012,9
16800,6,38508,46,26679722,428578,1304,0,0.013300,9
16800,7,42552,39,26111026,427766,1304,0,0.014436,9
16800,8,35812,46,26535556,431458,1303,0,0.013508,8
16800,9,35212,41,26542052,432912,1303,0,0.014227,8
16800,10,5524,12,26277084,433176,,,,
16860,1,43980,43,26127933,434246,1298,0,0.015399,9
16860,2,38140,43,26913035,436039,1298,0,0.022122,9
16860,3,34556,41,27071947,437238,1298,0,0.014018,9
16860,4,38600,43,26511828,437270,1298,0,0.018475,9
16860,5,38228,42,26501771,434202,1298,0,0.017012,9
16860,6,38564,44,26777862,431849,1298,0,0.013300,9
16860,7,42552,38,26203589,427582,1293,0,0.014436,9
16860,8,35920,44,26628403,432672,1298,0,0.013508,9
16860,9,35380,40,26635285,434388,1298,0,0.014227,9
16860,10,32564,40,26509344,435938,1298,0,0.012516,9
16920,1,43980,43,26222394,437238,1294,0,0.015399,9
16920,2,38140,43,27004510,437213,1290,0,0.022122,9
16920,3,34872,41,27163447,437862,1290,0,0.014018,9
16920,4,38600,43,26602679,437787,1290,0,0.018475,9
16920,5,38344,42,26593589,436326,1294,0,0.017012,9
16920,6,38564,44,26868360,433274,1294,0,0.013300,9
16920,7,42552,38,26293734,428435,1294,0,0.014436,9
16920,8,35924,44,26723775,435349,1295,0,0.013579,9
16920,9,35384,40,26727728,435742,1290,0,0.014227,9
16920,10,32620,40,26599455,436599,1294,0,0.013695,9
16980,1,43980,43,26314421,438122,1311,0,0.015399,9
16980,2,38144,43,27098109,439651,1311,0,0.022122,9
16980,3,34880,41,27254406,439154,1311,0,0.014018,9
16980,4,38604,43,26696389,440510,1311,0,0.018475,9
16980,5,38368,42,26687109,437962,1311,0,0.017012,9
16980,6,38568,44,26959155,433316,1311,0,0.013300,9
16980,7,42552,38,26388518,430716,1306,0,0.014436,9
16980,8,35924,44,26816405,437128,1307,0,0.013579,9
16980,9,35400,40,26818390,436916,1311,0,0.014227,9
16980,10,32788,40,26692024,437239,1306,0,0.013695,9
17040,1,43980,43,26408444,439937,1306,0,0.015399,9
17040,2,38144,43,27191114,441366,1306,0,0.022122,9
17040,3,34884,41,27345870,439229,1304,0,0.014018,9
17040,4,38608,42,26792312,443620,1306,0,0.018475,9
17040,5,38388,42,26779989,439386,1306,0,0.017012,9
17040,6,38572,44,27052305,434876,1306,0,0.013300,9
17040,7,42552,38,26480576,432587,1306,0,0.014436,9
17040,8,35928,43,26911067,439703,1306,0,0.013579,9
17040,9,35412,40,26908808,436235,1306,0,0.014227,9
17040,10,33448,40,26782953,438277,1306,0,0.013695,9
17100,1,43980,43,26501743,441446,1304,0,0.015399,9
17100,2,38148,43,27286197,442948,1300,0,0.022122,9
17100,3,34904,41,27439953,441565,1304,0,0.014018,9
17100,4,38608,42,26886608,445620,1304,0,0.018475,9
17100,5,38396,42,26871510,439438,1304,0,0.017012,9
17100,6,38572,44,27147883,437738,1304,0,0.013300,9
17100,7,42552,38,26567711,429482,1304,0,0.014436,9
17100,8,35928,43,27008522,442898,1301,0,0.013579,9
17100,9,35412,40,27001968,437015,1300,0,0.014227,9
17100,10,33528,40,26880810,441845,1305,0,0.013695,9
17160,1,43980,45,26593782,442118,1303,0,0.015399,9
17160,2,38268,45,27376385,443770,1303,0,0.022122,9
17160,3,34992,43,27534789,444475,1303,0,0.014018,9
17160,4,38804,60,26981714,448186,1303,0,0.018475,9
17160,5,38444,44,26964998,441231,1303,0,0.017012,9
17160,6,38644,46,27237870,437217,1303,0,0.013300,9
17160,7,42552,40,26663459,432964,1303,0,0.014436,9
17160,8,36004,45,27099918,443831,1303,0,0.013579,9
17160,9,35564,42,27094018,438498,1303,0,0.014227,9
17160,10,33980,42,26970808,442150,1303,0,0.013697,9
17220,1,43980,44,26685727,442779,1320,0,0.015399,9
17220,2,38268,45,27468149,445304,1322,0,0.022122,9
17220,3,35000,43,27629129,447378,1320,0,0.014018,9
17220,4,38804,59,27075162,450633,1320,0,0.018475,9
17220,5,38444,44,27053493,440791,1320,0,0.017012,9
17220,6,38648,43,27333818,440647,1320,0,0.013300,9
17220,7,42552,40,26754151,433617,1320,0,0.014436,9
17220,8,36004,45,27192875,444982,1320,0,0.016558,9
17220,9,35568,42,27185455,439607,1323,0,0.014227,9
17220,10,34224,42,27062870,443660,1320,0,0.013782,9
17280,1,43980,44,26782033,444127,1317,0,0.015399,9
17280,2,38268,44,27564393,446359,1317,0,0.022122,9
17280,3,35000,43,27726547,449535,1317,0,0.014018,9
17280,4,38808,59,27170230,451044,1317,0,0.018475,9
17280,5,38448,44,27151228,442966,1317,0,0.017012,9
17280,6,38648,43,27426745,440788,1317,0,0.013300,9
17280,7,42552,40,26850734,435069,1322,0,0.014436,9
17280,8,36008,45,27291422,447986,1317,0,0.016558,9
17280,9,35568,42,27282894,442050,1317,0,0.014227,9
17280,10,34256,42,27158811,444905,1317,0,0.013782,9
17340,1,43980,44,26872260,443990,1323,0,0.015399,9
17340,2,38272,44,27657350,448240,1323,0,0.022122,9
17340,3,35004,43,27820658,452296,1327,0,0.014018,9
17340,4,38808,59,27260953,450986,1323,0,0.018475,9
17340,5,38448,44,27242058,443669,1323,0,0.017012,9
17340,6,38648,43,27520268,442936,1323,0,0.013300,9
17340,7,42560,40,26944372,437091,1323,0,0.014436,9
17340,8,36008,45,27385519,449580,1323,0,0.016558,9
17340,9,35572,42,27376335,444049,1323,0,0.014227,9
17340,10,34280,42,27250987,446625,1323,0,0.014016,9
17400,1,43980,44,26966288,445548,1333,0,0.015399,9
17400,2,38272,44,27751670,449636,1338,0,0.022122,8
17400,3,35028,43,27914488,453072,1333,0,0.014018,9
17400,4,5528,12,27352670,451014,,,,
17400,5,38448,44,27335148,444708,1333,0,0.017012,9
17400,6,38652,43,27612698,443167,1333,0,0.013300,9
17400,7,42560,40,27040087,440084,1333,0,0.014436,9
17400,8,36012,45,27484513,453282,1338,0,0.016558,8
17400,9,35576,42,27471902,446853,1334,0,0.014227,9
17400,10,34792,42,27344064,446870,1333,0,0.014016,9
17460,1,43980,42,27057267,445313,1344,0,0.015399,9
17460,2,38276,42,27845122,451408,1344,0,0.022122,9
17460,3,35132,41,28008744,454802,1344,0,0.014018,9
17460,4,32212,41,27586289,452075,1344,0,0.013864,9
17460,5,38496,42,27429870,447208,1344,0,0.017012,9
17460,6,38716,41,27707176,445420,1344,0,0.013300,9
17460,7,42560,38,27132516,440418,1344,0,0.014436,9
17460,8,36036,43,27577042,454427,1344,0,0.016558,9
17460,9,35588,40,27566987,449239,1344,0,0.014680,9
17460,10,34876,40,27437466,448379,1344,0,0.014016,9
17520,1,43980,41,27155413,447626,1343,0,0.015399,9
17520,2,38276,42,27943791,454683,1343,0,0.022122,9
17520,3,35188,41,28103500,455088,1343,0,0.014273,9
17520,4,32424,41,27682645,453782,1343,0,0.013864,9
17520,5,38496,42,27528229,450554,1343,0,0.017012,9
17520,6,38716,41,27799406,444140,1343,0,0.013300,9
17520,7,42560,38,27226899,441768,1343,0,0.014436,9
17520,8,36040,42,27672999,455567,1343,0,0.016558,9
17520,9,35588,40,27660762,449713,1343,0,0.014680,9
17520,10,34880,40,27535220,451040,1343,0,0.014940,9
17580,1,43980,41,27252691,450192,1339,0,0.015399,9
17580,2,38280,42,28039201,456087,1344,0,0.022122,9
17580,3,35196,41,28198205,456173,1339,0,0.014273,9
17580,4,32500,41,27775629,454204,1339,0,0.013864,9
17580,5,38500,42,27623549,451617,1339,0,0.017012,9
17580,6,38716,41,27892347,445054,1339,0,0.013300,9
17580,7,42560,38,27323088,443662,1339,0,0.014436,9
17580,8,36040,42,27770098,457775,1344,0,0.016558,9
17580,9,35592,40,27756464,451064,1339,0,0.014680,9
17580,10,35280,40,27630352,452786,1341,0,0.014940,9
17640,1,43980,41,27347644,452639,1336,0,0.015399,9
17640,2,38280,42,28131411,456105,1332,0,0.022122,9
17640,3,35924,41,28291306,456664,1332,0,0.014273,9
17640,4,33180,41,27869454,455398,1332,0,0.013864,9
17640,5,38500,42,27717365,453392,1336,0,0.017012,9
17640,6,38816,41,27987169,446692,1336,0,0.013300,9
17640,7,42560,38,27417012,444432,1337,0,0.014436,9
17640,8,36044,42,27865423,459199,1332,0,0.016558,9
17640,9,35596,40,27851166,452652,1332,0,0.014680,9
17640,10,35284,40,27728027,455756,1332,0,0.014940,9
17700,1,43980,41,27442444,454065,1323,0,0.015399,9
17700,2,38280,42,28228298,458904,1323,0,0.022122,9
17700,3,35948,41,28385071,458084,1323,0,0.014273,9
17700,4,33236,41,27964450,457915,1323,0,0.013864,9
17700,5,38500,42,27810290,454204,1323,0,0.017012,9
17700,6,38820,41,28082240,448507,1323,0,0.013300,9
17700,7,42560,38,27509954,445510,1323,0,0.014436,9
17700,8,36044,42,27959903,460042,1323,0,0.016558,9
17700,9,35600,40,27944336,453461,1323,0,0.014680,9
17700,10,35296,40,27821656,457190,1323,0,0.014940,9
17760,1,43980,41,27540080,456270,1320,0,0.015399,9
17760,2,38284,42,28327653,461555,1320,0,0.022122,9
17760,3,35948,41,28480715,458188,1320,0,0.014273,9
17760,4,34152,41,28059914,458772,1325,0,0.014079,9
17760,5,38500,42,27904531,453963,1320,0,0.017012,9
17760,6,38820,41,28179036,449494,1320,0,0.013300,9
17760,7,42560,38,27610009,449066,1325,0,0.014436,9
17760,8,36044,42,28060444,463371,1320,0,0.016558,9
17760,9,35600,40,28040994,454473,1320,0,0.014680,9
17760,10,35300,40,27917815,458206,1324,0,0.014940,9
17820,1,43980,41,27632380,456367,1318,0,0.015399,9
17820,2,38284,42,28421554,462658,1318,0,0.022122,9
17820,3,35952,41,28573697,459338,1323,0,0.014273,9
17820,4,34220,41,28154105,459815,1318,0,0.014079,9
17820,5,38504,42,28000300,455930,1318,0,0.017012,9
17820,6,38824,41,28274819,452694,1318,0,0.013300,9
17820,7,42560,38,27707113,451929,1318,0,0.014436,9
17820,8,36048,42,28153716,464357,1318,0,0.016558,9
17820,9,35608,40,28133538,455593,1318,0,0.014680,9
17820,10,35308,40,28011647,459205,1318,0,0.014940,9
17880,1,43980,41,27727391,457974,1308,0,0.015399,9
17880,2,38288,42,28515124,463463,1303,0,0.022122,9
17880,3,35952,41,28663907,459003,1308,0,0.014273,9
17880,4,34260,41,28249111,462702,1308,0,0.014079,9
17880,5,38504,41,28091714,456422,1308,0,0.017012,9
17880,6,38832,41,28370053,455788,1308,0,0.013300,9
17880,7,42560,38,27801072,453377,1308,0,0.014436,9
17880,8,36068,41,28249042,465746,1308,0,0.016558,9
17880,9,35608,40,28227003,457067,1308,0,0.014680,9
17880,10,35316,40,28106627,461225,1308,0,0.014940,9
17940,1,43980,41,27820563,458958,1317,0,0.015399,9
17940,2,38304,42,28609059,466169,1317,0,0.022122,9
17940,3,36000,41,28759527,461731,1317,0,0.014273,9
17940,4,34308,41,28343546,464392,1317,0,0.014079,9
17940,5,38504,41,28183970,457067,1317,0,0.017174,9
17940,6,38832,41,28462850,456690,1317,0,0.013300,9
17940,7,42560,38,27896872,455175,1312,0,0.014436,9
17940,8,37048,41,28343058,467439,1317,0,0.016558,9
17940,9,35620,40,28323153,459552,1317,0,0.014680,9
17940,10,35336,40,28197325,461184,1317,0,0.014940,9
18090,1,43980,41,27996158,455505,916,0,0.015399,9
18090,2,38304,42,28781311,459478,916,0,0.022122,9
18090,3,36012,41,28934511,457730,916,0,0.015212,9
18090,4,34312,41,28517155,459508,916,0,0.014079,9
18090,5,38508,41,28365799,457071,916,0,0.017174,9
18090,6,38832,41,28637935,452165,916,0,0.013300,9
18090,7,42560,38,28069526,449068,916,0,0.014436,9
18090,8,37048,41,28517663,461863,916,0,0.016558,9
18090,9,35856,40,28499753,456187,916,0,0.014680,9
18090,10,35340,40,28372109,456973,916,0,0.014940,9
